Page Views,Unique Visitors,Session Duration,Keyword Rankings,Search Volume,Click-Through Rates,Number of Backlinks,Quality of Backlinks,Frequency of Communications,Nature of Service Modifications,Churn
16795,27946,1.4382323924652274,36,3886,12.778184546406406,23,0.9789558735835082,3,0,1
1860,26236,11.237780937631598,40,9356,11.986119165034038,401,0.4394816042118749,20,1,0
39158,13546,13.733343153269457,81,4300,13.102331619725742,1380,0.8216561516075254,29,0,0
45732,25318,13.00304128929498,30,2013,3.9269669310691864,319,0.4910778669740459,10,0,1
12284,3090,14.503286611782919,9,9508,5.983525378088456,395,0.8825803046334818,28,0,0
7265,17947,11.64131709813336,64,5620,12.430356946203952,1242,0.26259178718017284,27,0,0
17850,4824,7.192182673332743,33,1872,12.032588612352434,1390,0.9529175593578516,18,1,0
38194,11287,5.367327866931826,52,2880,10.175973156149928,983,0.2968945375697917,14,0,0
22962,9611,5.4903983661337845,89,7523,7.073223675202928,1634,0.3935984562828384,18,2,1
48191,5842,11.141917416597638,14,2971,18.26732699501633,1601,0.7805730106961024,28,1,1
45131,16889,11.4417181684335,75,760,6.86142782174699,1127,0.45437962740886606,24,0,0
17023,24373,3.805028009681977,53,6342,9.166821213101306,1126,0.647390239089802,8,1,0
42090,9159,13.153719388867433,99,1232,13.594465235988753,349,0.5001161509624856,10,2,0
2685,14543,11.008936562831467,59,799,10.906126474248605,606,0.7681329433808036,22,0,0
1769,29246,8.878504008807358,78,7570,7.003030929651272,1478,0.3054981271317498,13,2,0
3433,25079,7.601454441435178,94,6397,8.769331330084544,766,0.1526121885131893,21,0,0
6311,22850,8.605259281059414,41,7912,15.91016827528477,1055,0.36993645772575967,8,2,0
38819,9337,3.2294403359097026,68,4657,5.634770194183587,300,0.5268777983815872,4,0,0
40188,617,3.851817489867839,68,2279,2.9308792715586267,1518,0.2512180469734107,27,1,0
18568,28004,2.2763028656866835,92,9165,6.3319477164125635,1817,0.4193175606907499,4,0,0
20769,14417,3.1512125342555777,8,8375,17.005730888209236,315,0.4599847164642117,5,1,0
29693,19435,7.351710884473958,2,1522,1.8708953256412983,643,0.15165265931944621,1,0,0
7396,14809,8.424961512195585,86,3280,19.83475186011179,1161,0.6249765233657841,17,0,0
28480,13734,1.2500664946964712,41,4416,10.865957688660483,634,0.8959090851741588,2,2,0
42434,6060,12.155169590096385,55,6796,19.69843030494517,948,0.2365686216577472,30,2,0
26658,21173,5.118351626808691,16,9683,18.786028799510955,1306,0.6380272120613626,8,2,0
19942,1346,13.765704489438754,93,714,9.110992912797242,857,0.6982652844197617,7,0,0
19431,11454,14.545157690592887,62,4670,4.049972384646447,451,0.47740121237735955,15,0,0
3747,14203,3.5964242454731608,48,370,3.381207053646255,512,0.730987828627843,26,0,0
1189,15885,7.469362070719249,30,2568,4.875788341012154,139,0.4696583891419108,25,1,1
20118,14246,1.0172456923299624,12,9682,14.231639547234291,1165,0.5541735591796915,5,1,0
36773,23200,9.376581711713978,35,3707,5.531704895156607,606,0.10661774009898428,2,0,0
2899,6969,9.502290275677398,11,3175,6.894362865125536,1968,0.7225481027212199,7,2,0
2267,9833,4.465559378447252,64,389,9.030698199492834,1515,0.695208411050252,8,2,0
32551,26886,8.817777416164772,50,8220,18.27333034038698,871,0.13456078959371012,28,2,0
12394,25799,4.157561994212296,85,6714,3.8689290159084373,1423,0.4314250966556198,7,0,0
4556,17108,3.251556567094661,21,3352,0.20002839693508195,602,0.9811286567125006,30,2,0
4890,13319,10.121272535231705,69,7515,1.295918566525586,1008,0.4786629063117551,7,0,0
42606,4708,5.562956495329049,48,6871,18.104850199434345,334,0.5517508646186575,28,1,0
31740,6783,9.263695144398714,20,378,12.985577650382925,1102,0.9189371423437467,14,2,0
15502,29730,7.065454485603178,67,680,5.533508324623354,1693,0.7455356882791807,21,1,1
22777,2548,14.780919703640656,44,5058,3.626130770122703,457,0.6238631180118012,18,2,0
11627,6733,3.094128997345921,33,8545,5.955908059078575,1561,0.8180242132069653,6,0,1
9792,13441,7.504380352901342,73,4376,2.3844588523004737,828,0.877929639810376,4,0,1
44323,13107,10.526392769030554,61,8097,18.836504914660377,1650,0.5111992645635401,10,0,0
44021,10265,6.537631174319562,9,4876,15.705702869868809,1198,0.5275975284386518,18,0,0
9433,2328,14.645797926189658,68,924,9.301584420559559,1521,0.4474458420866523,12,2,0
44001,2417,11.10642679097709,35,3932,17.31275584179252,1746,0.9700355260166145,16,1,1
12016,21118,10.197774005902904,81,8991,5.064218265435322,718,0.7274496288613154,25,0,1
24897,7488,11.598829746557126,98,5545,14.37069931259665,1459,0.1749007595872651,7,2,0
3612,18910,14.337080932542039,88,1480,17.137036730373495,1730,0.8766636609817166,6,1,1
24483,15094,13.709461141784962,96,9965,7.199697361303124,1867,0.5325039467526412,28,0,0
49555,20628,11.139994313769767,65,6634,15.17354246446928,274,0.16187851578023874,5,1,0
18159,25977,11.488262947417963,8,3256,5.9719397503597555,1908,0.5947455296469799,3,0,1
45974,13477,3.0429090364920364,45,4407,6.047256991654712,621,0.4754478510781319,12,1,1
41994,27115,2.43909366289732,87,5734,2.2304378532283025,1375,0.8899744643763624,15,1,0
15541,509,8.9926630258183,47,8675,8.857155125537034,841,0.28359514324844864,10,0,1
36920,17144,1.25714691716756,40,5910,14.621266939298701,1759,0.8438181485429647,26,2,1
27531,22922,7.752989341722282,76,8633,18.810394030868572,1311,0.6019198220669074,20,1,1
2585,10365,3.9448941188641604,54,6034,12.11556013938901,683,0.14914927289212215,19,0,1
4943,2719,5.844231947027754,76,3209,17.276397200941208,1472,0.9746607711929361,16,1,1
24939,7541,11.861266301101384,46,4182,16.46764352087552,166,0.56135371969288,28,1,0
20457,18944,14.17732505925341,47,3340,3.5495267542080886,1455,0.36178916880842427,11,2,1
2021,5787,2.013827810048781,15,6128,9.767766835361366,260,0.5224661577903323,8,1,0
12653,28789,8.47939088367023,19,1949,2.4267783569552903,887,0.8720720051657401,3,1,1
44573,2119,13.3554688014744,26,8597,13.674847915076535,1642,0.3744128119465572,23,0,0
14417,9012,2.155119482165898,52,2849,19.00300339809691,539,0.2734087568380303,7,0,0
41757,1842,12.543196656555674,93,6780,2.828080215767254,336,0.2161641222377933,23,2,0
10692,11068,6.009218912995799,22,9427,14.704274302970571,970,0.3680734585511901,29,1,0
46758,19716,5.5093258310706945,21,305,12.681539202270432,904,0.8020432783360392,7,1,0
7873,19708,14.684529408407,51,7452,11.713740236461184,106,0.5244637286757355,14,1,1
6675,18878,3.8120272580721184,38,4691,7.86339267029795,522,0.304733443324186,2,2,1
1161,28034,10.704715171517533,20,3550,7.167119790300869,225,0.24956649964877428,10,1,0
38065,14731,12.50017019213813,29,7314,1.0004588614758683,1165,0.39945652885934124,19,0,1
27557,27114,1.5765689339098035,51,3911,4.436383294215068,1293,0.945931935597138,26,2,1
34763,3990,10.385396416961772,4,5241,0.40201995750785524,134,0.4087240413310219,9,0,0
33606,28753,14.321699640974577,55,8601,11.670200401082207,1115,0.9893116683591718,16,0,0
12534,9810,2.7390795341928307,71,2808,2.206479393970386,1316,0.5367074101888206,19,2,1
30127,8484,13.547098237590536,92,2091,17.47308594119135,1716,0.2612475264611358,18,0,0
41397,18488,9.326872923277104,28,8563,10.510546111873587,68,0.9020260826141584,9,1,1
26851,12719,9.632464146074636,4,3373,14.023829190268296,1577,0.5143198358213442,16,2,1
2016,735,9.581218448118483,22,4638,8.276056127625878,170,0.738704209154072,13,0,1
25253,10661,5.183702408722394,76,8812,11.255538199120867,293,0.9853404248882366,10,1,0
25276,29505,14.092825414192436,45,9268,18.858917621635946,115,0.1451578152879766,25,1,0
24247,2408,14.262906476834543,67,3822,1.7464073885110483,1138,0.18702510380881043,20,0,0
25300,9067,9.75426524299527,86,3651,5.1533616612815525,1472,0.7484110673164805,14,1,0
9529,4030,11.967918163182606,66,2932,15.621767705519831,237,0.3536425029659248,12,2,0
18262,5756,9.571611802336212,88,5779,2.0648704169650505,1733,0.2658712572550892,25,0,0
10268,19519,7.781578266036568,34,6679,1.6056559676918059,1615,0.13542569183775655,19,1,0
22271,8662,10.25148165618951,91,252,7.294673835205367,327,0.11966204078758164,7,1,1
13185,26646,8.742020336287418,55,5854,1.934142373601403,1497,0.7970370428078117,23,0,0
22243,19444,9.364662076847022,1,2900,11.74306099990344,811,0.220990084632595,15,0,0
40099,5915,11.973655747864067,72,5410,4.602877491250336,1632,0.5209485543740359,16,0,0
9571,3891,7.732653640285788,87,2710,17.92438946766751,1915,0.6453071336615347,27,0,0
40976,11657,1.5705574852946187,38,1204,15.691651608820607,883,0.48551662051196165,8,2,0
39044,28719,3.2959927338529615,6,7461,14.024133601379575,481,0.1243959871026098,10,0,1
49984,6451,7.140501030853537,86,4299,12.377186144951587,1089,0.8051513523291179,4,2,0
41774,22352,11.147571838236816,25,3954,17.28296803379512,634,0.10946190208748814,19,2,1
3568,8507,9.305901076342503,82,7363,4.538935024700861,22,0.7857009049397355,19,0,0
3027,28926,10.104118602228354,17,2014,17.47486597100813,1473,0.9039740444093104,28,2,1
3695,9564,7.709905000068022,61,7465,15.81089673863864,1051,0.48955592895145505,21,0,1
49190,26328,9.6203883071914,12,3172,14.98840044511494,703,0.5819882257880185,27,0,1
6258,23297,5.606244129405271,6,9298,11.268987993690988,982,0.5292850533558884,15,1,1
23002,23825,7.582556297753311,90,506,5.000258803314941,122,0.4502877567610949,14,0,1
40504,26390,11.419906918329378,27,266,8.528603528238737,238,0.8986820818333242,1,1,1
34159,21704,13.205658905623697,8,608,15.89205602532215,180,0.9045401596029914,16,2,0
14986,16024,7.071174675389445,83,1761,0.7323918387107563,304,0.40223472817738104,10,1,0
13666,19782,1.6112632079030567,65,3764,15.662810308348789,198,0.6535627786132282,19,2,0
39660,24430,3.2634156180552374,57,3589,4.8774077357025725,435,0.9342168059312776,30,0,0
4561,577,1.2920559500815334,93,780,2.9717530943599,986,0.9658526490472163,22,2,0
27854,8077,10.145682269322622,99,2624,2.4024562317880127,1112,0.5580631363798428,3,2,0
39952,27697,5.652404754971525,40,2220,0.6422752378212206,667,0.5075423247558941,5,0,1
23662,21111,8.594700900071146,14,5360,10.519371055906912,928,0.35082488433567327,9,2,1
9392,17484,7.9058758549731944,35,4457,4.443371466605216,1215,0.962984685871369,18,0,0
31535,14560,2.1413708537339735,48,1463,19.78969213901467,508,0.22853287402558065,11,1,0
14067,17949,6.6456590557336455,84,9623,11.531291441856894,1831,0.6218466184429525,16,0,1
49033,19020,4.087855748912526,56,2392,2.843916860184607,771,0.354295240766775,2,0,0
24599,27525,6.857597041347137,49,1638,13.80637456214617,875,0.35110746131301696,12,2,1
36222,11035,3.8500959247913977,13,3508,17.965096973543535,835,0.46447172863856967,22,1,0
12837,26939,12.766333687877069,61,7842,14.929071957855324,1741,0.9989136422340891,6,0,0
15039,10010,3.4387067120955512,49,8852,1.6211532346850086,1868,0.14946967615583986,11,1,0
31818,29787,14.450927720817678,46,9391,17.928095205733925,80,0.6206876363831783,27,1,1
20115,28673,6.822703126057171,62,2003,15.899194778613298,257,0.17431494223174948,8,2,0
11965,7443,12.84743408826669,8,274,3.250247612101725,155,0.23906874699146707,12,0,0
25538,12454,9.802707454883231,43,2330,1.1305391857830556,1651,0.4956066475956088,29,2,0
43530,8304,11.294904181320536,20,4387,11.190480448754737,1808,0.5594141182117972,27,0,0
6056,7065,11.748134432934924,97,4260,3.2051126456655403,1329,0.3329131675280716,30,1,1
33482,6484,8.06782834650225,90,7206,16.708359956645914,591,0.3848114177869746,2,0,1
48716,22026,8.606207327086038,39,9789,7.230859667766307,479,0.17827031823033976,9,0,0
9110,5170,8.19594214932215,85,3271,18.26655965025785,1539,0.37289780545982554,15,1,0
14773,19074,9.232817293261109,49,1667,11.357194625606013,202,0.9699025954424897,2,1,0
28266,9684,1.411522240591102,64,1251,3.735180446369396,1101,0.9502366435052335,29,0,1
18412,19596,6.537212377886213,62,7719,2.878017460460022,503,0.40139046112328647,1,2,1
34270,2692,9.486641989856402,54,6133,11.571801507399302,1850,0.6137685426508854,10,0,0
7910,1748,9.3681299135821,9,8660,15.261483876062632,61,0.9186358519998499,2,1,1
46453,11746,12.10138532447884,88,5046,15.651962390069423,891,0.10556544037680701,12,2,0
26446,13290,10.17013074364952,37,8334,5.587572348381497,372,0.8296152133038327,23,1,1
1206,20917,14.889866428769412,49,2007,4.164510502352132,1830,0.9535325975100271,8,1,1
22518,18881,4.97396340052103,41,3590,0.43345045939841,926,0.18219316090020138,5,2,1
23361,29992,6.028114415327241,17,2635,13.616063108903269,483,0.24530291742962895,22,1,1
24419,4187,6.373860126149148,88,4273,1.6237083428274257,1879,0.9646716724942199,28,1,0
49702,27227,7.521379298283479,21,1393,8.473147915141922,530,0.5837861292763117,1,1,1
42523,4518,12.703972892936932,51,4869,12.073475063964091,1796,0.11277697102455134,15,1,0
46151,11802,4.301089315428938,59,4896,18.74846800390157,1464,0.33186879888717624,6,1,0
23403,2470,11.864002898496013,39,6971,6.304862525419795,1877,0.5049493068419737,12,1,0
19141,8889,6.674342563200407,55,3072,5.070466032685743,1331,0.7236180199222909,8,1,1
15820,22649,9.42597537126812,41,4022,13.117787070293357,1468,0.7598443403231196,13,1,0
41342,27702,9.855567465168285,39,5097,12.422856737866274,1729,0.9958793616329105,19,1,0
7374,18086,6.219880920645083,13,7132,6.708984687831678,700,0.35876007944538313,27,0,0
2678,25019,8.176612872881272,64,1092,18.56922652664475,1231,0.5843980916816277,1,0,0
34827,22451,6.782436445067758,11,8212,16.91276031704369,1161,0.5799911930736446,11,1,0
17198,24551,1.9678590066126722,19,5387,4.557252662715114,541,0.4650807335025138,20,0,1
10914,15874,7.1203154434355715,11,2340,4.85893665414701,1444,0.2522457044581782,1,2,1
28890,22626,2.3635074957497304,77,1576,10.294776903052902,1967,0.9797109068654583,30,0,0
23299,6288,6.670291187124501,46,6526,15.494084824441334,849,0.8679854679999275,8,1,1
44585,5908,9.300857597644946,45,489,0.9764035498304413,1098,0.5484997254648135,5,1,1
44689,27111,9.11180859080901,1,1099,13.897369559320662,1727,0.6429208804156268,17,0,0
43557,25553,10.276697906116485,40,1955,12.99989435790373,250,0.3045349482036961,30,1,1
45020,9946,2.3336611113647683,19,8225,4.706453908668466,1402,0.5894083633525722,8,2,1
3693,1422,10.12972543742613,76,8950,13.65892496350284,545,0.7254731198093283,25,2,0
30467,919,5.370072793750259,72,2863,18.809645505916443,1417,0.5636503255479299,10,1,0
30723,19088,6.586643245919555,72,3763,1.0310383149381934,1464,0.9912566535264471,2,2,1
47699,11289,13.011807554917882,61,5086,6.461075900312044,2000,0.6502074906229536,9,2,0
4627,1620,1.1264256578137035,12,1581,8.819716661660468,92,0.43387634133295216,24,0,0
26939,11760,9.237776866768476,61,7356,17.99528114260132,991,0.7949368248542543,23,2,0
49925,17834,9.381995721401506,33,3831,19.24900278752222,1864,0.25341626042347787,3,0,0
43941,2836,6.553236868809868,45,7362,8.937893405277011,1730,0.44606423233563985,18,1,1
22834,5873,4.3183899995167065,90,551,15.025565401629603,960,0.4122630553398273,7,0,0
19047,2743,4.285436535661715,92,9829,10.68005437291321,1861,0.48862638559699956,15,1,0
27105,19529,13.371935375250537,69,3193,10.801880401353392,620,0.8036018433358537,21,1,0
11230,26933,7.188341232960005,8,982,5.634180349820492,583,0.5357557289470667,22,1,0
16707,5112,5.632451081848407,25,4508,4.417429292691201,295,0.8146130052393664,20,1,0
22976,14446,7.282886033639643,91,4168,5.831306383888418,998,0.6188400128258793,18,1,0
45262,18749,10.371465620431058,46,3377,11.170927344415878,1567,0.40786249119179985,25,0,1
24776,11604,3.0405919554265237,87,8666,0.680188201839571,468,0.8289808693151252,3,1,0
31080,13929,7.292073692992328,30,8051,18.154253992692475,1245,0.31446070349778243,28,2,0
2306,27929,9.230381195545418,47,4790,3.2100458200405466,135,0.30194468181981593,30,2,0
7776,22912,14.280166967920072,87,4695,4.479764669740592,1446,0.5540526316493523,23,1,0
28251,24210,4.53538894905587,49,4659,10.413695911308162,1532,0.33476432136588,14,2,0
10474,29986,6.029510470827438,47,7391,14.231283850111858,434,0.10817833145609469,24,0,0
41294,6871,6.311020258913933,84,8260,2.0050081894135063,563,0.6834677745689214,2,0,1
22959,6859,9.47753420702836,82,212,6.4221244811885265,619,0.5599844393251582,14,1,0
6530,8363,5.994248742560023,18,5231,19.376624650929706,1994,0.5009660330438451,22,1,1
30320,3728,8.469166954195739,66,3297,5.320625038940819,1576,0.9702716631564838,11,1,0
4748,20603,11.945064617830411,68,239,6.329697886756622,1191,0.6140792655666223,16,2,1
32968,28304,10.87539831757085,94,1524,16.746319963298866,121,0.8770884200104461,8,2,0
33562,14882,7.249161051176198,33,3049,1.0992671906400595,411,0.22550521258464418,7,0,1
14545,19255,13.099026487438366,36,3268,9.345802059298519,1792,0.6122858168164849,11,2,0
1663,3391,8.81396349431408,82,8808,7.654373612588238,131,0.8811816640578126,3,0,0
35766,4256,8.558681753030974,19,6143,6.400076522182157,282,0.6247951815519082,17,2,0
8994,21109,1.4786287231482145,28,7089,5.785421921490813,1327,0.7462127603143014,14,0,1
29021,16270,14.813701725000262,40,7336,1.918344686722143,407,0.43483921103098666,6,1,0
31303,16978,2.721591319414774,84,6361,6.365034004097811,480,0.18320456533335994,8,2,0
4304,3174,4.2358327739870525,97,987,0.9567428140418045,994,0.5121102656143643,22,0,1
47576,7398,1.7237557213813774,76,3204,15.64118088652426,1240,0.45503145175497184,5,2,0
40353,10647,9.960041535716792,15,149,8.02473309976443,1143,0.8803541641410526,27,1,1
18675,1293,4.14581647761752,41,4051,8.93368626316624,1473,0.319595772117225,28,0,0
45417,26910,3.5201461246181287,39,3660,17.88253227035762,1311,0.9700608047815973,8,2,1
24938,2616,2.2397781791253797,2,118,13.195294178838292,1996,0.9623243078240465,2,2,0
24664,6279,2.446325399736219,63,4921,0.2603761565081838,1601,0.3228684787642948,15,1,0
2636,12798,9.185389806196243,29,6440,18.86917897692957,1920,0.4132467599295885,12,1,0
21080,28401,10.634910122132336,74,8158,4.819174872956452,1948,0.9060001667864965,17,0,1
28728,14653,6.5633058385016145,66,9765,2.241522276721191,578,0.9699599988064967,1,2,0
27736,11611,7.718559142289025,51,2706,15.385750749779554,1973,0.4990951925524396,15,2,0
29673,11289,10.603548303761777,75,7946,10.05949858574769,1515,0.38889734107680807,14,1,1
38505,11897,1.243317062596715,77,8743,8.732034263758548,1836,0.5734846119263879,20,1,0
48323,13499,5.5238291989839,10,6532,5.0651112856865605,1147,0.7189922857291613,22,0,1
47645,23050,14.62336847298485,14,3865,10.99468264826014,1926,0.3461270638374818,16,2,1
1854,1314,9.121571215736553,82,2538,5.56025364353149,906,0.7628258571571656,29,2,1
25548,17229,4.559144118564905,51,9841,18.041501805212643,829,0.14649162140317695,9,0,1
39623,11041,8.304220652906984,73,6458,4.382569146690535,862,0.1443650434879748,1,0,0
8392,25438,5.797148833692814,39,8419,17.698667494069497,1510,0.4476589346309907,28,1,0
47717,2943,8.451429843568189,28,6041,11.232167971974402,719,0.41812587285464853,17,1,1
22556,10957,2.760381165293084,3,7744,16.586913864515296,1966,0.3840698938304371,29,0,0
39559,10880,2.8580051534698834,84,4955,14.285635317633004,330,0.541917786402019,13,0,0
27309,8283,3.0095930685515,70,6647,13.964232717591296,188,0.3886602240804141,21,2,1
22919,28081,14.157477086975785,27,7296,6.554481573131608,906,0.27303212662128273,26,0,0
5931,11973,11.260584856778785,2,6011,4.754548936296849,228,0.3785225941797409,21,0,1
33970,17868,3.2733465252724923,93,6581,4.296635930847683,798,0.9774138455292114,5,2,1
45215,15828,3.63688717271842,38,2861,17.158113975485815,1982,0.47000207529536375,10,0,1
13688,24674,11.231612648192268,3,4556,16.4264937231545,1561,0.5002414991725022,6,1,1
26342,26715,3.1862938270904353,16,9707,8.867413207444914,501,0.618890490956026,24,1,1
38157,1327,4.283858106687601,94,6461,2.7348518085794464,1924,0.985006691572804,19,2,1
3327,27806,14.486855659485586,40,5793,7.706819814351421,70,0.3174411487921867,25,0,0
41772,20415,4.574291346198046,2,5888,12.424934737324536,1087,0.7131538994791904,13,1,0
41545,7647,10.262852905196056,81,301,9.14262277415106,1713,0.7443862241875517,1,1,1
1197,4951,14.700838023607426,41,6260,15.625766442811598,547,0.6465919751137593,20,1,1
24509,15843,6.240154739957097,12,617,19.95269416280257,857,0.17972050567297967,25,1,0
35698,14135,1.2452238720688713,35,7837,3.903528560133047,997,0.7091850482448189,15,0,0
45542,28011,4.41806206591324,65,9633,9.24705131122549,74,0.15768523993255795,14,0,0
16087,20760,12.632280678783877,55,2088,8.676579648224358,1645,0.6365283845949072,8,0,0
23671,6459,13.104523703370514,45,3902,6.1594014017041205,595,0.7656230594995684,10,0,1
26184,626,11.759271103333077,79,5908,4.042100782733762,1737,0.2898729015579554,9,1,1
28848,20061,2.5835374670720226,90,7262,1.4072731181442186,180,0.8574598067884966,17,2,0
43107,28132,12.137145203749643,85,6341,17.7536744127516,1306,0.12731842497970383,9,2,0
21666,9295,13.861489157909059,62,8499,8.45498908395772,1922,0.8594315772924754,3,1,0
45357,12141,9.408533595647306,49,5733,9.988220818150971,1732,0.5142961455784886,11,1,1
16708,22908,14.172254988732908,95,5855,18.347146759198225,544,0.2958291459384801,12,2,0
27370,21993,12.575744371966284,25,6409,15.54818050256736,1424,0.2204003304945712,10,2,0
3811,21030,10.337601237872702,23,4217,2.6969751559319657,1973,0.9579764508241353,25,1,0
48011,7696,9.080593313964474,24,8445,11.351857355394072,702,0.16539902882304103,17,1,0
7546,28609,5.880031341387586,38,1618,8.900820302739225,1360,0.27918407794233313,17,0,0
35754,12059,3.2300242333992717,28,6263,15.964500344317377,117,0.4130401126897414,25,0,0
31206,3868,9.469354917667571,21,2700,14.512227697477789,1880,0.6582113640650085,11,2,0
42106,4297,5.453561750653673,54,2295,13.839073866030331,1195,0.5903209767484886,30,1,0
12411,15614,13.130141345387036,18,3654,6.8768422260499475,823,0.2130791431710826,22,2,0
3911,14218,14.9067171230208,36,2949,16.118778234945164,1014,0.3607551853643932,4,0,1
2734,2292,11.533988676618016,99,1842,1.1425867823377382,461,0.3148765939774217,7,0,1
19227,11553,2.2667437340187107,45,1406,3.2765355385001276,1239,0.29218856904130724,21,2,1
9680,22616,5.041598337428933,73,3949,6.778903132260442,599,0.4700299028319883,26,0,1
20360,3976,2.5275348447204964,53,7619,1.6284680772786975,1049,0.7336283073324912,14,1,0
19343,3917,10.10716306908402,30,4295,4.776386122940362,336,0.29570763899551233,7,2,0
6759,2145,11.712672103780985,60,5278,16.620004561658572,617,0.4300109917326833,24,1,0
24078,15255,13.959447632329965,98,2655,18.970205602022578,668,0.45182568415704605,8,1,1
36153,26281,7.134412849767827,32,2405,6.16158687990639,11,0.9788108764918692,1,0,1
12111,19914,13.61925909423822,67,7719,5.36386449937788,1043,0.9591997211911619,24,1,0
38504,19756,13.290476226578585,67,9380,5.669863779703895,443,0.8201238244768683,22,2,0
2802,3572,5.4407400347155805,28,2742,5.626609838281792,134,0.31749302873726665,4,1,0
9155,2354,13.164608757567994,44,9469,0.8150106255008625,1114,0.16123358268250274,29,1,1
9120,20905,6.259411526344171,79,6509,18.54563529198905,494,0.38521372394856235,30,1,0
40384,5162,5.156169843843931,41,4857,4.352593017249535,661,0.34011509449044774,12,1,0
48025,7014,10.087045223121503,63,3094,8.458081074219958,1871,0.5553332201317545,24,1,0
48254,21915,5.597337190391135,23,8851,0.29276896654525797,1183,0.7999551190610138,3,0,0
22918,3208,9.822922476608019,75,1371,17.17330630920964,809,0.8724906449909722,13,2,1
21445,12194,9.537645276981724,48,1913,14.65003115465285,882,0.8603776768694577,20,0,0
31306,23996,8.888144982878423,32,8901,18.940445099956694,1373,0.423708005100761,6,2,1
17646,10024,6.325875859259168,57,2561,15.65414803600834,138,0.7185109091146146,11,2,0
47843,25277,8.678996103120674,100,4220,6.342759589836097,447,0.381550777771798,23,2,1
32065,20391,9.350796649795903,33,6224,5.03267983869563,760,0.15481498891166445,4,2,1
26199,6956,8.639616438936628,24,8575,13.984554520310528,510,0.731408739042648,20,2,0
42976,4712,7.221872338516821,39,4496,7.345844222708938,1091,0.10884479731280906,16,1,0
17371,13724,1.2053387986476933,34,9383,11.367678813477069,1231,0.4682643287126397,7,0,1
12835,8470,9.218863907816113,56,916,0.22452367342675755,220,0.3964413423718681,22,0,0
46936,25650,3.3582213919980752,28,7404,1.3315254634414575,1947,0.7240397846669672,29,1,1
3049,17420,9.996063565260654,37,7431,10.753822029514858,911,0.789620925484341,11,2,1
32616,2125,11.630820590920123,7,182,11.364825764318484,54,0.37368517237415544,24,0,1
39191,10814,8.00623432783038,68,2020,15.053913594740937,1130,0.8304643130003682,1,1,0
48357,8473,8.593091309716336,37,7917,2.7261098605168383,1312,0.36452508445444043,26,1,0
21932,9077,14.320699835323875,56,2193,10.312343366759897,544,0.5016937239879051,29,0,0
30855,8570,12.860343059216039,65,7171,3.969508124190603,1443,0.7543166743127205,27,0,0
8158,28357,13.79931122332058,65,8067,1.9546027792976244,470,0.7236282063023097,7,2,1
44016,9166,12.39272803647421,47,8467,8.268866301805035,400,0.98863162508098,12,2,1
8400,25493,2.52485678585424,20,5385,3.3503992969722387,1880,0.30264492179433866,7,0,0
43642,23374,3.0858859835827257,19,5037,4.51346136602714,1077,0.6960861221856242,27,2,1
16151,4100,8.372733161765435,29,469,6.419336139403084,36,0.6487137174481996,23,1,0
2154,7283,4.4449752231719755,74,1918,5.261829174789605,803,0.9235886090410269,7,2,0
5499,13726,7.673736650576228,60,2201,1.8430668183783334,1130,0.24072592748038757,10,2,1
7295,9646,6.5211145334569025,18,3590,1.8893332727080754,984,0.7766183472282396,30,1,1
13183,5471,8.691799338026346,92,1879,3.9456633631599463,557,0.6114417546418915,16,2,0
30299,29934,11.456260025901518,35,7774,1.1061278403948251,630,0.3471992828091149,26,1,1
13874,13990,11.016872699389841,43,1464,12.566494691570849,576,0.5269914227324567,8,2,0
33711,18089,8.29727785479468,95,7394,5.817801658527149,713,0.40039893736281806,9,0,0
6539,13451,12.513507863438813,91,3776,5.6669447586045125,1252,0.6213820625096148,9,2,0
43405,12812,7.032069281532467,11,2526,6.706766055331526,194,0.9001005497331993,2,0,1
49354,2490,13.554000057761712,49,8364,13.28964585677346,1102,0.6123744859709818,13,0,0
3557,5799,1.9979237807722947,38,8189,17.425614241521462,1862,0.6685501764939257,13,0,0
39360,13497,14.365240420466304,64,3062,15.205829957857203,1163,0.5668730624032385,23,0,0
17482,20456,10.165703140038875,69,959,14.577831681479388,1600,0.14604895580092833,23,0,1
3200,22859,6.321043125120874,8,4238,9.739384593456899,1923,0.30957270118848484,4,1,0
47940,13972,3.760157772020283,34,2524,13.906730583651493,1642,0.5428015564888745,25,1,0
3961,23204,7.708565212210399,48,9356,11.099971123868304,857,0.3792117553702343,24,1,0
47975,4880,3.7238165245942136,56,4117,4.403385510911924,608,0.2635872379850748,12,0,0
22357,29234,3.3286425084039903,76,8660,4.250908518046908,815,0.5537195577265945,17,2,1
12969,5257,9.642924603781639,65,8442,5.99820093681814,1664,0.3905288141030653,2,1,0
3869,19597,8.323186144144985,31,1234,18.224973152299285,1753,0.3322968788560733,13,2,1
47760,10895,10.381344484553184,4,5266,10.993555323556544,1367,0.5175868756963428,29,2,0
29643,16741,14.01448228390785,50,5219,14.7047170023372,1958,0.21995583227395582,18,0,1
25736,6088,8.451642986746563,69,5794,6.996519320349297,1187,0.9349711597678666,28,0,0
39467,28196,9.133048745679169,30,6236,8.213543836237982,1580,0.8809318881273152,28,0,0
24328,17850,2.2547687481691896,88,5585,2.598755014881302,88,0.7368585271664818,27,1,0
26876,5444,11.046901002720814,59,4264,3.50876966065124,588,0.19559244482961058,15,0,1
22295,13895,6.598672895258186,67,2446,16.564395441040297,1888,0.7982895290227238,8,1,1
4987,20316,14.674153341276105,75,5139,11.738288770608753,422,0.8271615952981171,15,1,0
23399,17572,12.524436218339243,45,4997,6.816896071087996,555,0.790988155942904,1,1,1
47214,4743,8.314734567225656,4,8352,16.076739059011363,1642,0.20256929840731705,20,1,0
34986,20585,2.725117158410325,26,5141,5.005746122195861,178,0.6795171613609883,10,0,0
21880,25417,13.031821105928248,27,4001,19.523050702144054,690,0.8508923161744587,12,1,0
5735,22066,12.196935335936303,46,1437,6.961870394148778,1696,0.6196180610977009,5,0,0
45064,10416,3.584191813518462,64,1284,6.812487987609428,592,0.6817666377052801,9,0,1
5555,23588,5.133896049084341,91,4526,6.307046920180433,524,0.5125271314836756,23,1,0
42914,21306,12.107701614069722,51,1651,2.5300191668933296,1347,0.5758365878956474,8,0,0
41818,10484,3.5931982516637353,50,1729,2.311629231907047,41,0.1309391725165527,16,2,0
46525,2259,13.848534848399282,6,9619,12.997290187229053,296,0.6750667197759561,14,0,0
20830,28288,6.943383952749066,59,1626,17.514849086705134,603,0.17330249160204328,27,0,0
18429,9681,2.218545476227221,15,9965,15.831358154406301,1076,0.4915131349062011,25,1,0
7893,27338,12.420481009059932,30,1461,2.9080411210248864,1936,0.3633895879006671,13,1,0
15373,2982,6.229135562537427,42,9865,10.957084223662122,626,0.5908851551905417,23,0,0
48333,24942,8.370988718152933,37,4470,2.201271764935136,1034,0.22007470197088638,21,1,0
4436,1451,2.5722608217570686,42,5383,1.0013634079002411,1606,0.7224790617759864,13,2,0
9754,25798,1.0361762078297534,35,7710,13.162078601756866,279,0.8155103832356233,5,2,0
11677,28465,9.931792881106167,87,2093,10.74953144023897,1213,0.24701900476884087,16,1,0
6895,2579,8.212452384672243,6,969,1.73227133570827,1769,0.19388177861669395,26,0,0
20738,3217,9.30953996772406,68,1114,0.7952910034791699,527,0.23096393450862324,11,2,0
31746,27408,12.112413905327228,18,702,19.79615262684576,1136,0.8894148057086515,22,2,0
49404,28452,10.052482787920042,73,790,0.6974245097665303,1043,0.5753703355807206,5,0,0
33352,21408,3.4468281995832806,29,8785,8.946112235698175,592,0.5205348964067523,13,1,0
40790,10192,6.050815267548398,77,589,10.141918589693141,1123,0.19604063719211884,28,2,0
42919,25361,13.682475467028645,59,6964,2.4338749412288565,235,0.6846004060812656,11,0,0
6600,7811,11.779225803523506,47,7340,3.464329390950353,679,0.8811996327055809,25,0,1
30124,28571,8.792918811114042,17,7886,7.100919627566014,1773,0.8453672823911077,19,2,0
28643,24070,4.579029969329812,96,8124,15.257349936651885,926,0.6634492380827212,3,1,0
41764,18949,5.228847025687131,22,394,10.190940238799307,135,0.16775084498650628,15,2,1
10007,1268,11.247412946198883,68,5588,12.794247303603933,965,0.20115732445841167,7,0,0
46714,5990,12.916439651938791,69,4127,19.704973646304428,1242,0.14437808839884222,7,2,1
38410,16034,10.399945373428602,37,3012,15.38330816273287,1130,0.3317312948432224,6,1,0
45080,28133,12.333419660758185,49,4844,8.743793813010232,83,0.22209532044434,3,0,1
41447,29365,11.733185892805684,13,1973,8.984194243751318,1660,0.3340432362271905,30,1,0
9208,7145,3.095855551397408,34,3358,12.413564333115998,1224,0.44655225014706557,13,2,0
19589,21967,6.935227380786228,86,2917,13.340767647536195,1715,0.9486845056640221,7,2,1
44484,5732,3.1417732115998773,53,8736,10.064147424149757,1852,0.6493384538035228,5,1,0
18453,27237,4.293298187227787,87,3741,12.932738334018099,1993,0.8514764071146661,23,2,0
37212,11985,13.169634745114736,51,4558,0.5682966388405655,1749,0.739316350641099,18,1,1
44525,6297,7.62048751886455,3,5407,8.649494991547197,65,0.20125281747396856,22,2,0
48202,26022,8.495013425797252,42,9033,5.650867713862187,729,0.7623283657365539,30,1,0
33635,21810,3.4982435131888097,98,2141,2.6705714603378965,562,0.34758899340321203,8,1,0
34828,22900,5.371805004683145,32,779,2.080975604894625,41,0.6751970622952357,17,0,0
19711,20219,4.223446357990179,51,5838,12.103524095731881,1560,0.4068657762786897,20,0,1
4420,12842,3.88660630325797,85,5768,10.519650888336972,583,0.9979050369381932,27,1,1
32216,8538,9.931451106423582,46,9650,5.146323928227746,676,0.33719633154710005,1,2,0
1301,16502,4.596373867040008,21,7797,9.471906169573037,293,0.3512174236968427,14,2,0
46236,13587,9.848216804285858,44,8133,9.895423072129924,1754,0.9376050300061585,17,2,0
1699,5373,1.8183645975197547,11,162,3.9806787107284545,1865,0.1221799641726904,10,1,0
1190,1981,2.984841509379426,68,7929,13.076651931444847,1527,0.7270200890858772,12,1,1
11492,10593,4.843563556001755,1,7452,15.6402951920832,196,0.7527937516622903,16,1,0
36743,23189,9.358656836539684,92,7015,15.850124463701427,507,0.8527407196693594,14,1,0
7102,20335,10.461777431223263,63,8426,12.089149630998755,1475,0.9769953795746278,30,0,1
20778,29140,7.19803753491338,24,3744,10.281607792128378,139,0.9780417272409871,27,1,1
27641,14922,7.241072804081206,99,5070,1.3140421458073583,648,0.1587490818098175,16,2,0
35584,16938,11.143235919580654,13,8103,5.827842847146956,1325,0.8396553904776123,8,0,0
33745,8143,1.2214952847181542,98,3378,1.956101790885581,123,0.6816789402916432,23,2,0
24093,26899,5.775260342639088,11,7396,19.280080901481625,1232,0.682607920935782,28,1,1
1569,20346,12.461898799669259,100,9114,2.7880949098926378,22,0.21551493395322532,10,0,0
39210,16208,9.445071742987212,51,3174,3.1203306560369306,1304,0.685168449801088,29,1,0
35663,11771,5.721179858575885,17,8412,17.802574704776795,1634,0.9842343225411231,17,0,0
37631,17716,13.677347092615435,99,7652,18.88417284118151,1248,0.9206367125855023,27,2,0
46681,13100,11.816718184291355,82,1737,15.339997880774705,453,0.49521759472436544,30,1,0
8455,11498,4.708536261314268,86,5203,0.2075579810861304,1823,0.1359531759574849,29,1,1
5014,22838,10.034057725360036,24,9216,0.12679079203561763,1545,0.4260641410001844,18,0,1
12093,14795,9.340510194645393,19,744,7.62420531877027,456,0.8437512804404996,20,0,1
19070,11182,6.616630796545758,37,2132,2.9535678632167612,995,0.7313491913186494,16,1,0
36777,16880,6.13738510886721,85,2861,0.46588422881678593,1002,0.5134092900345608,17,0,1
17538,9019,5.809846646859855,8,2168,9.334927119149642,724,0.149591381642948,16,1,1
11729,24105,9.640180967539056,28,341,18.866931758398735,83,0.48420525504097234,19,0,0
35177,20194,7.193739110729373,5,2768,6.544009540558384,546,0.5221224457460951,24,2,0
46017,3800,12.646083585519909,17,902,13.25669950073106,110,0.9356999796047224,24,0,0
1784,7222,10.374436625875466,36,5159,13.079483527335569,185,0.6769774932239435,8,2,1
28751,7718,1.9790424799320778,19,295,5.096494062936838,436,0.380487624989184,6,0,0
41864,24660,9.962355133594325,64,2287,13.043462451594898,1150,0.5727864380056492,6,0,1
41328,20559,4.796064111002587,91,2430,4.3254460883091355,1199,0.15944977703994406,21,1,0
13533,3554,9.299367883147918,98,4941,2.527947530180092,50,0.9753114120847631,29,0,1
41111,14075,10.52184703544832,11,3706,14.057527382637831,438,0.4240539117376534,9,0,0
40974,8470,4.231608648156169,54,8568,2.3574722603679428,353,0.5300806194218223,4,2,1
6801,2643,7.396021028325161,45,160,19.93849344992817,1457,0.4197555768132304,26,0,0
20190,22091,3.6645480794669494,47,4027,3.7507027828895634,375,0.7142605571045801,12,1,1
39754,10003,1.7327442610111163,12,6396,11.923423068853504,1153,0.6960089424966337,28,2,0
30592,28267,6.298669928802167,21,2691,8.286353971110527,618,0.7437900794762221,12,1,0
11647,15649,6.0812198058438875,11,8858,2.6150898058727754,666,0.3413289066507288,23,1,0
9716,19422,14.936726869859598,92,9863,0.6540937607905265,737,0.38410163304765943,17,1,0
24355,12675,7.24893291676699,5,6221,12.492372417627381,238,0.21272610798658714,15,1,0
23009,21431,5.669973692610806,81,1300,16.15447551940361,834,0.6899589746615014,9,2,0
25376,22503,9.126650094033444,56,2954,16.856111663984205,1163,0.1358174146020873,7,0,1
46091,8856,2.2427435175087584,20,7124,9.705998114230995,1385,0.6379141019711132,10,1,0
5780,29353,14.463320303367384,41,9528,15.571363796929472,898,0.8827262963664705,16,2,0
3368,23496,9.889440638274465,46,7072,13.48965795642204,1351,0.9017489334606702,12,1,0
13039,21889,11.567729479171868,12,236,14.51266509723275,993,0.5041339843329655,25,0,0
7655,15570,3.3866911344348454,70,1129,9.9027202039141,1682,0.5133733193917664,7,2,1
41941,1322,6.732689942072854,17,2694,12.704893630818328,845,0.16927226470721563,18,2,0
5495,17827,6.917647587546654,19,7306,16.129965680163533,1370,0.7036885228987322,15,0,1
11893,14789,12.505290214615215,26,761,8.017895093584759,1306,0.839133478335561,6,2,0
26547,6650,1.0173135166317322,48,2572,16.138980127264915,126,0.32018954914424175,26,0,0
23386,4925,5.211943516945571,52,186,11.88113517150235,827,0.4791707934700282,12,2,1
14403,25850,14.737309240820254,96,6319,3.4014303849786462,377,0.8549554030887433,11,2,0
33097,16532,7.648411609087061,70,8243,0.5912147287692338,1127,0.8894084208960592,20,0,0
14121,2698,6.355367923416115,55,7068,7.318796647943125,177,0.3188619822378034,3,0,0
11966,28232,2.677606028247049,100,2873,10.979256933097162,963,0.5955135710872278,2,2,1
34621,21126,14.638304800792218,75,1800,16.81242500884942,1748,0.27324383557224435,6,2,0
29312,20579,1.2803689829615426,33,2800,2.636965034790899,1374,0.1916908877256009,24,0,0
23677,3952,11.320523150101403,62,6915,16.024106318903225,670,0.9200084512527618,22,0,0
32289,9606,11.760397267039117,88,1747,17.273880016737817,1947,0.8384567538088983,25,2,0
32024,14359,4.411194024894133,23,6138,3.0986809913165922,704,0.7840314116228565,30,2,1
43675,18192,10.401818210582523,15,5264,17.046726954153957,934,0.14388968693182638,5,2,0
5777,21061,2.3010080213114588,27,5620,19.829926000071563,161,0.8593559134392317,18,0,0
30749,9205,4.598661730049118,75,3787,14.564092737859927,595,0.49423966831484534,16,2,1
16338,10612,12.03062783609171,64,696,15.716916668317259,1910,0.40815561096627373,8,1,0
3491,23736,13.105606688469564,81,4645,19.88886382442158,922,0.5918287249228388,25,0,0
28236,22919,9.518809777237077,51,8776,12.149076885466311,283,0.18221791845120025,30,2,0
49096,20478,8.095738045486756,53,8937,6.226939002123363,1587,0.7809818944171589,26,0,0
15599,5341,3.230256288665724,78,4857,16.76686359811351,505,0.6241915691994663,20,1,0
20508,15858,1.8835264631081023,91,4484,12.32826697248146,1757,0.2679310871858508,22,0,0
4051,1909,2.6470863986298205,82,9012,11.665788932047034,110,0.26940897979214107,11,2,0
49747,29878,4.183002201345383,92,4833,5.147347554729361,566,0.2658237864154068,10,1,0
22606,5066,5.783443026556892,51,7181,15.151051964699443,1115,0.1513021487967406,24,1,0
22699,11882,6.332733357153821,47,8790,1.7251787896159154,1562,0.6290186044345163,25,2,0
1876,21375,5.848504760246049,4,7217,18.493312708813757,82,0.8563133598296573,12,2,0
33093,18439,4.346774650761718,7,4829,6.5838868693326456,1047,0.11574839258864975,21,2,1
5142,15096,8.136139454523775,35,1773,2.64271559052081,1466,0.1441041804741462,28,0,0
16202,1304,12.554005515260556,48,8406,8.903094008738133,166,0.6154932490182512,6,0,1
40734,13721,4.915849538600709,73,7278,0.9451511942050097,744,0.8375461168474471,27,0,0
8079,1779,14.193418267431264,72,2394,13.724061265872828,141,0.39406500151177026,20,2,1
8987,13692,13.22671326413387,45,3730,18.063839657862587,1371,0.41465295892695,5,2,1
40567,7583,3.2646989589295345,81,246,16.761533842056323,1028,0.6367118477470983,23,0,0
29940,22870,12.007863394599323,81,3553,2.6346525216128334,1437,0.3467916002117323,9,1,0
38233,22503,9.044223352448732,97,4607,2.612795628443864,1409,0.12394752946991572,26,0,0
18019,28653,8.93205507039986,96,5883,16.287346198252855,1921,0.7617056662914364,27,1,0
47185,11593,6.474598682814442,72,7851,18.492660064602006,568,0.6630849216473078,29,2,0
19077,18271,8.016141988548135,19,5728,9.267329613686433,116,0.6226803991500932,16,2,1
27258,13380,6.5605028840089545,63,8428,10.02952522658394,1653,0.7675157160926408,22,0,0
22136,27837,8.5562566626392,38,3460,6.433414623575945,274,0.7077077538058337,14,0,0
9311,16017,9.7913007388169,67,3105,17.895875853302638,1238,0.28529378936048905,22,2,0
18214,19563,10.440253289726678,59,3652,12.933567815317883,1112,0.4172329422490161,8,0,0
15098,2606,8.454736695831967,69,118,5.836206385630632,164,0.2134991275107625,27,2,1
29251,25057,11.099908942602244,13,2342,6.0457791339796065,1816,0.21687131207609295,20,2,1
38945,16586,2.9778926898570814,47,6418,17.83488145396569,997,0.7085761717208853,19,1,0
48030,21107,3.9677548726313394,61,5197,0.37131707572584716,1006,0.8727400962842484,14,0,0
26945,5331,12.462290057039782,31,8740,6.522258797260103,256,0.9664593254750251,7,2,0
26316,19652,5.515391689849812,80,2048,11.131697956205743,540,0.6655124057945,5,0,1
33217,29029,1.3205135496656835,96,9237,3.04952749577656,867,0.2656911910248613,18,1,0
9308,3686,3.1530760953524353,22,5718,1.9327652085718368,1981,0.19508531090403763,2,1,0
6949,28356,4.130602082948357,93,4336,16.323998988702144,547,0.831565874383082,11,0,1
2150,3073,14.40252043052422,86,7001,17.898647334105295,738,0.6208808287239993,22,0,0
24944,13308,9.022580005031891,43,2020,16.48976777388397,1187,0.6564565189123479,8,2,1
35699,3099,14.058230366667567,67,4288,17.98587900577322,163,0.8033158798792384,1,1,0
10204,4533,9.052286906952748,54,338,11.106928224061592,1719,0.7329495049592064,27,1,1
2081,8928,7.710962161929925,10,304,16.263936607707805,101,0.851012427570487,22,1,0
30305,1804,5.392187676717345,42,5652,7.742448503982898,1466,0.15059251491389064,12,0,0
17896,28506,9.489193222067257,64,5027,13.358730443432865,347,0.7727685730718543,2,2,0
47175,24252,2.948772344645418,21,4490,19.777827074644375,1513,0.8657674815898859,18,0,1
8805,22761,13.575662782097883,80,2787,4.591981704398635,1726,0.3575215382124829,7,0,0
6237,18185,12.610653671977971,76,5051,7.859004951192503,1164,0.6764025465939275,26,0,0
21056,19425,5.445440270274318,66,6260,9.652942808470703,459,0.38274585745327494,17,2,0
46543,18935,14.33916538641812,41,5488,2.846508191699029,819,0.9621739598342086,22,0,0
46952,23693,12.552810743817954,24,9640,1.7126683482546299,796,0.1300812151919534,30,1,0
4343,9133,10.328296401690556,35,5226,16.611485039800325,282,0.6218135594496595,23,1,1
14500,27152,2.704666755753847,56,916,19.538208019268964,1962,0.2498531923445636,14,1,0
30375,11872,7.695276322673012,30,9112,8.154028770210207,597,0.7409981846594428,24,2,0
10662,27733,8.085505767854512,57,292,1.8442317402736002,186,0.2583012550767959,7,0,0
17964,28874,4.255719017115322,94,1876,1.409654037742472,1729,0.3118449357085218,22,2,0
48893,9496,2.1195155210302272,47,3745,17.837232306569945,840,0.5449337299411823,25,0,0
9130,16958,11.874130826603697,35,6414,9.32990356958083,652,0.9233514549971903,29,1,0
20531,23865,2.7084907297415306,19,8542,6.468543599591598,1908,0.29054293493317374,3,0,0
2679,27251,9.320070507864846,8,1888,9.58157929766405,1082,0.22981601900629317,27,0,0
4506,29000,14.110288434371247,26,7474,6.434251484377711,576,0.7830791486686276,6,0,1
14284,27165,13.265472696372596,71,3800,9.831811928621637,675,0.5505575791005379,20,2,0
8253,5975,4.888536732489656,30,9459,17.205172298666945,1388,0.9206066011435943,2,0,0
20128,25116,12.920280925717714,7,3993,11.886797284135703,1745,0.23195310144385806,17,0,1
28932,27157,1.0046550856868517,67,6911,13.923610078922488,1341,0.6813351037207354,12,0,1
10435,7684,1.247629334585601,65,9388,7.356946457063297,877,0.30959123153663354,12,2,0
45078,22680,9.43574429380011,36,2779,14.796266982359322,1918,0.2410843857864754,30,2,0
14296,24025,6.1071750680234125,25,4004,13.365679989099508,1663,0.7150864736415434,17,2,1
31445,13375,6.41045177622806,37,7360,2.4792837552659233,1808,0.6343161579178599,27,0,0
14245,2122,8.902175269504355,1,604,11.495592777000132,1079,0.779344712526098,10,1,0
30124,16488,3.684954378286048,15,9913,5.209195576564183,311,0.3785163188015641,3,1,0
30899,8541,3.964574909316697,37,9679,16.101503825708498,877,0.5031744907439709,20,1,0
44919,17225,7.784422218264106,13,6873,8.576160398492094,921,0.46492450869737667,18,0,0
44225,29128,11.559549620814083,8,3916,19.894214887410094,417,0.9856805175698627,13,1,1
36247,18958,9.672968519706227,5,817,1.9407587149853793,1222,0.36302406106544916,12,1,0
30222,8492,5.162970675315744,60,4534,15.628922468529154,831,0.36533551451209023,27,1,0
27211,16146,7.024720485124897,73,758,13.506664497488913,1863,0.4190933879457467,27,0,0
38220,17529,3.389306619699978,1,5157,15.373226728755037,1162,0.6081346731612893,30,1,0
27646,29902,2.044817400719144,36,4108,6.21984293026008,570,0.3270904698373707,27,1,1
39649,4763,11.95774457041809,35,5094,9.89188433870977,1570,0.9237609463413465,17,0,0
24049,25685,4.7154237286347245,66,4334,15.950519542501796,1299,0.33911700837963715,4,2,1
15069,14560,3.488729429917475,63,3864,4.727572499255014,1151,0.9062341584041752,23,1,0
33580,23020,10.682652777970471,23,4737,4.598060616094176,473,0.1931275572819262,10,2,0
32843,15656,9.652723440020605,9,2204,11.065913970569152,153,0.6909064321596871,11,1,1
3849,9146,9.864654764188497,34,9547,10.51891523264413,451,0.9162869665944193,6,0,0
41158,28029,4.204524467852591,46,6901,5.717023161217363,1233,0.2518744945584066,6,2,0
24289,26784,4.257037539877534,78,8675,6.031705445443972,1190,0.9714942640893295,27,2,1
45690,12164,4.091236816998948,4,2707,5.629118747810653,496,0.5075950243739605,9,2,0
36257,3469,3.432536339272123,30,8485,15.453090033769902,869,0.951143597596922,30,2,1
10823,3528,10.180131415863189,95,3819,13.072827224692965,1167,0.7091380392670423,15,1,1
42975,24527,12.87222239349162,75,2681,16.66510194986403,1945,0.3714281828861964,2,1,0
10540,29873,11.140444575473257,99,2665,19.511913263449035,157,0.2694722724253958,4,2,0
17364,19565,12.089310872647605,72,2863,9.535869495812529,1369,0.3733615416025895,5,1,0
5611,4129,6.667178007192797,3,6428,1.427208239968432,1104,0.1837156683364075,17,2,0
28663,21109,10.157061135207973,14,6091,1.0570369771995052,1266,0.2294811697089968,8,2,1
39646,3567,5.959307366226843,60,3506,5.98373428150522,1367,0.19419439631183305,8,0,1
31977,6441,8.35706470756096,77,9023,18.657637328113772,820,0.480649189367402,22,2,0
30168,18270,7.742887851488073,45,4880,10.511939793920408,675,0.8160205386318278,12,1,0
26471,28852,3.4764200320139613,96,4277,5.50855166999457,99,0.22724519879470617,21,2,0
23687,19750,6.419102644698832,34,6576,8.043419210769288,1367,0.2172883898551023,8,0,0
1851,21672,14.493511856752914,45,2704,12.012042637352948,208,0.6790860545655977,19,1,1
19071,12055,4.480123608009189,61,8281,13.093698196943059,1194,0.27746468377125966,3,0,0
7833,22374,2.873252307912842,83,2482,3.1629982446798097,547,0.18784903429809247,18,0,1
12938,13581,6.860128702735094,16,631,19.542930363249003,1154,0.2501637203850199,21,2,0
36195,21008,12.064728302042074,66,6179,10.940967316957497,310,0.9313582562890985,19,0,1
27144,25224,9.150075216919612,40,734,2.800197524066358,733,0.8393241274985718,19,0,0
5000,20734,10.533647581335423,17,102,17.88334154158806,1608,0.41865810611958465,15,1,0
6052,22299,3.6557278744454806,34,8497,1.5853047784806331,972,0.6902386905946535,6,0,0
36506,27134,9.665274702108102,16,6051,18.1639351202325,1469,0.5835481063012343,16,2,1
29074,24563,5.529005528760632,60,5726,19.93165656015075,77,0.7094118371343076,8,2,0
39155,7319,12.680247123366746,66,7839,14.038592803214426,1798,0.7144040372164834,16,2,0
41770,26212,9.810183284150307,66,6103,15.431899699372394,1955,0.6658606135539936,18,0,0
33320,25262,3.783987888854143,90,2990,6.812326445702978,468,0.33949123168357775,20,1,0
39304,11546,1.904633517817206,13,6339,18.837379369405284,1547,0.13510577868653634,16,2,0
47247,26326,1.5968649300184583,56,8126,10.641307925556514,407,0.5100101037910979,11,0,1
4913,18217,6.19971994710197,31,3406,14.674530087291341,629,0.9018764962216335,7,2,0
18450,29269,4.721915913160389,34,997,18.48974354663446,1319,0.6125475326667184,17,2,0
25107,21034,10.045261728475113,39,9377,19.506081521912616,1594,0.8491519375317171,17,1,0
21764,23650,7.990673689700656,67,9571,16.68076669627382,1173,0.9924619086651053,12,2,0
44404,3211,4.7242698920753305,8,770,6.130048388942396,739,0.24725458372444864,13,1,0
21491,5353,3.0893288913024657,87,7391,19.33429557938644,565,0.7225998752277841,10,0,0
39494,29577,2.780796677624294,78,1605,12.599578671747077,1962,0.7068642163300222,7,2,0
4373,23096,13.105245489965847,55,6560,18.619785279404002,790,0.9819599026224506,14,0,0
13161,24363,4.408691557668141,27,5267,13.5544900137056,1623,0.9870406605575203,23,0,1
32996,22292,10.123949070753557,93,5355,6.214055340769637,1761,0.7180107505517165,1,0,0
28122,26861,12.349602991807728,53,349,7.463488030442036,903,0.31925331278397484,17,2,1
35850,8215,9.597138356586305,39,6557,11.054388364348515,619,0.8187002543175391,4,1,0
28350,9442,13.03391324305724,65,1992,15.82129534704165,757,0.19632622078993428,21,2,0
28472,16007,6.493512101398643,17,3539,6.427852771672664,291,0.8026293737544659,5,0,0
29761,16326,14.387110669085276,30,2954,11.63665020607042,670,0.9191765117302267,20,1,0
26351,2262,2.8640300584933573,53,9795,6.9779373721703895,933,0.44455005529159175,24,0,1
24132,16350,2.4300934152055333,13,3892,16.33381115223863,1849,0.6675717654847724,23,1,1
16305,12612,10.22169004690421,21,5430,9.387889065982213,1005,0.48712845888714373,25,2,0
10817,23985,14.199635979785665,19,7971,1.626784254372416,1969,0.4939885494893156,7,1,0
12261,24558,12.324368462908593,53,8335,3.404445177482574,1611,0.3793338001973081,10,2,0
1417,13152,2.06983603213272,19,3712,1.3159828856306826,755,0.7859166584052921,17,0,0
42576,6622,4.911147995086029,57,2718,10.036128625685071,1490,0.9425589077498546,29,1,0
21358,981,14.02446438772953,25,4778,2.2161122172297207,96,0.946675773311015,30,0,1
4267,15036,4.542818059210983,86,3263,2.371385389261679,1112,0.25730315638744045,7,1,1
18209,653,11.936385933016869,31,9580,18.826860374763704,1238,0.8872692846909094,1,2,1
25052,8117,12.551850743001854,81,3042,17.465835936303503,800,0.7636882972844099,7,1,1
39513,2024,7.936329448453745,55,8511,9.096523276546183,1370,0.32755366062126035,26,1,0
27092,2620,6.408884737876416,23,2025,19.717525884919095,1287,0.1605561516293631,24,2,0
12338,15548,7.301742053876635,32,3072,0.10371191059619597,313,0.3411975401959402,11,2,0
1412,2843,4.177505721115098,62,1090,12.318191179840536,1413,0.9209874131033731,9,2,0
8543,5636,13.451472825803819,74,1912,12.366920729700213,139,0.669860807406195,12,1,0
41355,22644,7.308675194216611,10,9095,9.203116811810775,605,0.7489491948080846,3,0,1
34496,1740,13.354432166385397,100,589,7.999264661392426,1309,0.33143711599818626,4,1,1
24548,560,2.4797087186878373,72,5976,9.16212439606409,1732,0.7474493400173382,4,1,1
28384,9630,14.835853794001839,54,9785,8.35771267798564,567,0.12530935565013138,28,0,1
45425,18523,7.205823224210656,52,3745,14.636800301897756,908,0.43778921119571246,25,2,1
39756,23069,1.6696314855174765,20,7181,2.7935731559683528,1216,0.664078013688098,13,1,0
19888,12812,1.5323058753243688,32,2991,4.03302048976349,1301,0.2314869089871882,23,0,1
36735,13850,11.44690160474574,14,9997,3.6923127450092292,1841,0.8407032170022413,19,2,0
48295,24854,10.226497478851531,50,3616,5.323164643913164,1355,0.31152816893072677,10,2,0
49816,12918,12.229827813786224,28,3440,10.552642533753506,1545,0.6870530015366016,5,1,1
18506,28645,2.4751454753392834,53,6510,2.313054072030553,1645,0.4646774283177967,7,2,1
21463,1752,1.4979921384976769,24,153,17.376568976997433,87,0.6364392359298825,24,2,0
18955,21087,8.1201100522661,79,2675,6.017494473038599,793,0.19670549736601733,16,0,0
38841,8863,6.426333240758773,22,715,3.334505950627286,1372,0.1152215199294466,1,0,0
6104,10150,7.467257113393381,30,6044,13.54486406100504,683,0.9186079846422711,12,2,0
35911,20433,14.882237724183836,63,7504,0.8579173819264536,1589,0.34266700789046456,2,0,1
24190,21081,14.590499407389382,4,1054,12.437374440995866,1542,0.8377093025024132,7,2,0
8357,23893,14.1924154554247,77,1729,13.994148770462344,247,0.9994152704249801,11,1,0
33479,23551,11.973797474747434,59,6959,4.376838974595711,1167,0.29028813219902005,29,0,0
45811,19206,5.967779043596465,87,8941,0.9350850615283223,1225,0.33865366706502004,30,2,0
37208,26712,6.769833023678802,8,3378,7.336542642497046,1389,0.6965738088711991,13,2,0
21150,28191,8.694624612064942,82,5555,2.0620251818145356,287,0.9689037711405591,2,0,1
6644,16814,12.627482389667758,12,3901,2.417909208499408,1051,0.9242329133716696,7,0,0
44286,4590,1.9619796552557487,31,2661,5.159798505752804,533,0.5525879680590264,15,1,0
48320,7460,6.940156402388434,78,6639,5.979811700072509,189,0.8155992542740522,25,2,0
3914,3504,2.1566472884297614,34,470,10.646409786326268,132,0.22217126778991098,11,1,0
22352,22020,8.205206212029161,82,957,13.59999852150996,1279,0.979694365783611,2,1,1
47352,17213,13.584611536087296,98,4986,11.896141723316676,1767,0.9679179106323879,7,1,0
45912,4140,11.954788943895132,75,7585,3.0523707120613843,1406,0.24735606209125388,4,0,1
15397,28970,4.189793845603539,76,483,3.524512045807266,1084,0.36948081232279595,11,1,0
42555,24866,14.663871894383094,49,4434,17.587508070879,1104,0.19013949775609024,29,0,0
47959,20991,10.342905572649997,79,4390,11.21121106977586,489,0.3445458390083618,2,0,0
1728,1841,1.145987791563643,57,2825,17.41176287466401,1593,0.8343602104736859,29,1,0
1698,12355,4.5757887855930734,95,6304,7.4937755752654995,1052,0.4404840464487335,16,1,1
40954,25291,4.649986198878832,93,6211,12.326560147883344,1807,0.17955727043208253,7,2,0
48280,838,1.969560288002039,26,4351,10.520901979486753,93,0.4080029723010141,13,1,0
14923,6395,14.437571253063005,18,1022,6.4505574474272045,1188,0.983245000817152,5,2,0
17779,12754,7.695574124062933,96,3015,9.451315903468547,574,0.6667152357332826,17,1,0
8400,19592,13.541404363206347,86,8057,10.099568448855948,628,0.47454485176554195,21,1,1
25466,11844,5.511017048224797,38,3146,4.0953423976579035,366,0.249884662147543,12,1,0
37939,2250,2.7532699860595797,81,9266,6.368706410296958,825,0.9875591175553253,28,1,0
5360,22488,7.640705538686994,87,1330,15.849054035088812,656,0.8387641083368159,19,2,1
36270,2921,2.5953928860004405,88,7747,18.32418596513713,452,0.3533295722058275,7,2,0
18101,7619,7.804217041685559,50,5033,7.259902461551459,1102,0.1630618261490705,6,1,0
33307,25785,13.884160537071708,8,9655,6.208748415959461,532,0.15096300163980225,8,1,0
6486,5819,8.290753985678979,41,4040,3.984423574980462,152,0.20834033455498047,13,2,1
9335,16396,9.630996176531168,6,6583,13.601974256146566,201,0.6226917252529794,5,0,1
22364,23493,3.1929381176333163,69,303,6.529684063160111,1420,0.9358870790849432,2,0,0
38259,22271,1.6122987623195728,44,260,19.756215828073852,387,0.547069085205386,9,0,0
24576,12418,2.5513114705172986,64,9060,6.581127561072669,590,0.8586509342105775,30,2,1
32667,28718,9.37944205958112,29,3848,7.943307330974299,544,0.501297957873827,11,2,0
12130,20877,2.3301637858922652,28,6818,12.10635050461949,1726,0.7377251911910427,24,0,0
22972,25564,6.26390045917836,11,2681,16.05351743450697,1326,0.7586854635578507,6,0,0
41419,24928,8.701287166414184,65,1193,9.44342144037811,1042,0.2565673353130048,29,1,1
2167,14349,6.441139180817858,19,4600,8.51085507240027,1304,0.42509445307823057,26,2,0
28192,25122,3.2915732205142207,9,8899,19.913192888536685,1420,0.6735719408842216,7,2,0
2062,28435,4.833078305197491,27,5810,0.3088234586848944,102,0.1636269473659296,25,0,0
19540,5373,13.996445459880078,34,9832,17.911799248139793,1999,0.42538616898666093,7,0,0
25244,5306,10.463751858208976,44,2975,3.0679024362007747,538,0.5813195196530733,19,2,1
22545,9092,7.944669741518412,68,3291,15.739912996557376,1187,0.9966020437401748,6,1,0
22689,12682,1.1780084598165093,100,1937,12.39683804094133,414,0.5270802063601967,11,0,0
12174,22797,14.893815606852582,82,789,6.902760981412031,849,0.8344510814028913,29,2,0
23925,24008,10.400369088525006,15,3859,17.490111614868265,1182,0.48886055655995597,11,2,0
38497,20041,5.436914682829229,51,2203,0.3568538368217403,898,0.816751650357738,7,1,1
10348,29421,13.309761239969735,13,465,4.611143976290981,1300,0.6358733214580976,2,1,0
24714,17274,4.618042684085453,83,8192,11.381166645365766,431,0.8979358973521585,19,0,1
39102,12545,8.616232108558522,49,4272,7.095690974988989,1873,0.4698482971150989,4,0,0
9924,4930,9.90499069221755,70,6133,12.246512156834719,1651,0.643873977839331,26,0,0
38098,9320,4.094887200352199,56,2478,0.5797928488324697,481,0.6670168125569447,6,2,0
25394,24570,14.697561903208342,76,1305,2.417532716586079,902,0.475644647620426,17,0,0
7801,4732,11.474686683705965,51,5088,2.629215180346941,556,0.22988083931873338,25,2,0
38614,11622,8.80938515715498,37,5769,3.8667445537285876,640,0.184203466221102,5,0,1
7731,15523,3.528324374454212,17,2835,9.2406956719308,1559,0.11500439553966979,29,1,0
49136,8507,1.7540148979723658,58,9967,15.067361120917065,1536,0.8861808378206931,28,1,0
24625,18405,5.480837655293769,87,8590,18.12022287478513,1047,0.3128274210148251,30,2,1
18337,9518,11.54462270278764,90,1056,16.723913352656496,787,0.29035607435359123,7,1,1
36307,29898,4.770638176228351,29,9406,4.0180686483361026,1685,0.762431860383459,9,2,0
8056,2000,8.55378708693707,33,6723,8.878895989389584,1839,0.3880145017786526,25,2,0
12516,7237,11.191260474230404,60,1574,4.068290795394846,373,0.5554402231706529,1,1,0
45261,3794,2.511212005050501,91,4560,5.362989151677096,128,0.24625995876771067,1,2,1
2542,21969,10.594172225622227,89,7102,10.120584932086533,1271,0.9637711493157723,19,1,1
22677,19303,2.286192427940626,55,6496,1.4553695919980985,555,0.8664232600155136,6,0,1
47732,26010,14.511816389777952,10,2928,4.441669158906136,1202,0.8774106606685029,18,0,1
40081,19926,7.837517820909154,47,2950,18.714025410011633,531,0.4660963737148047,10,1,0
28569,4997,3.1094655079382836,23,3064,9.37571422390393,643,0.7861250923364556,28,1,1
24322,18350,5.793370904469651,85,4694,8.963191866959656,1946,0.22948853985080214,11,1,0
20065,20445,6.787830290133661,21,9241,0.38988637955045,1690,0.10775710233260226,1,1,0
18924,1114,11.614590155071523,13,6744,5.023254966461081,972,0.11797563932022531,1,0,0
23556,22276,11.40793300507253,33,2950,17.339219476045407,967,0.6279415636641044,13,2,1
27962,24577,9.567167074722635,24,265,3.376105722347508,1768,0.5098554147231468,5,2,1
29295,9874,2.4830299758189014,11,1019,8.360986296740949,892,0.5662138140176678,20,0,0
14807,20107,3.12197120222743,17,8405,0.3851850267533249,1802,0.10671682637549747,1,2,1
43348,24022,2.312596889037793,68,3604,9.618876085244061,789,0.48041795769168316,20,0,1
27432,3167,9.0804189660257,47,1091,0.5183200238517214,880,0.7462613450807747,3,2,0
18749,24864,13.279938181159656,25,6147,16.41023010600942,525,0.49842433177069223,18,1,0
42459,13909,7.073207171566805,94,3939,16.514589972993363,947,0.758997285681,9,1,1
27256,17014,3.251874435408447,73,1358,15.776069547217158,1430,0.3097170679571513,14,1,0
41262,3483,8.812592552085539,21,7709,5.738944970933251,875,0.8318278040335529,27,0,0
38080,21162,12.364531036119939,84,8806,16.76102064261418,115,0.6295881164081071,17,0,1
2324,24010,11.383968861181021,83,4904,10.905662838844858,1118,0.2896867894869156,23,2,1
26731,13151,13.3403109154503,83,167,7.538781366453348,223,0.31304842826844964,14,2,0
36909,8730,4.89062936148415,12,9888,12.544066198114235,1154,0.6652274181125833,29,2,1
24803,24578,3.715354141748848,37,5760,0.3455868166014427,1165,0.846945633891199,4,0,0
20870,29035,13.317430803187142,42,4578,2.9449214642549677,859,0.47406500382623973,5,2,0
35578,7140,10.205844378892323,17,8310,14.871641409588229,206,0.332470386214833,26,1,0
7588,12279,5.353005020105758,48,3621,4.958816013451444,28,0.8803104462195404,21,2,0
39069,22352,11.392872708015128,28,672,12.000381434842117,651,0.7023414625757514,17,1,1
27790,15817,12.411657382725151,41,7182,7.7635417961782895,1045,0.5032769385547688,22,0,0
26289,17804,9.609695364775853,99,7932,17.110634998105304,1114,0.5391101757513717,29,1,0
29178,8064,10.630377538318811,47,5495,19.053064589333207,339,0.28383082114275676,25,1,0
29710,27845,6.253638662197329,18,2358,17.68293809456679,875,0.6641223670583596,2,1,1
16485,16020,8.541739342802547,78,6139,5.485337894402573,783,0.42286825948859974,23,0,0
45482,29187,8.338228390166272,99,750,3.9638410940170368,401,0.9960806590069143,22,0,0
21652,25568,12.872669075830807,71,5841,9.541254383052625,646,0.5321651637356991,5,0,0
5748,14237,12.759495723950556,13,6938,0.24594960163998747,316,0.5372970455706518,4,0,1
22233,9823,12.657526570858606,82,2687,0.6136069179773165,1300,0.6092666086696047,4,2,0
10435,15729,1.1544425996745211,13,7976,11.1104837284977,1480,0.9250804028068721,6,0,0
4709,12213,11.493636782564435,100,3362,10.45694314288919,1474,0.8207362898737752,20,1,0
31355,9002,11.621469461554067,31,1438,19.892181581801673,904,0.5060170628180573,21,0,1
14116,25814,10.497303519971986,2,5096,4.116652523738786,661,0.7468293393755164,13,2,0
26470,20125,11.587705210480337,16,5880,5.236268190293321,850,0.6276119489026855,22,2,0
43344,1045,12.787585200953922,9,2927,2.359458782293105,1035,0.543130343831124,5,2,0
43918,27537,7.584466757424999,73,5332,18.35910589210952,529,0.27308419550591545,23,1,0
40298,4846,8.02870298883826,38,2317,15.578443764723168,1795,0.5175426371094018,25,0,1
43956,29930,2.7459967967594667,75,3639,16.464548317991266,1684,0.3212367283203172,26,0,0
15683,10496,6.395262362663066,54,7945,18.064999380493724,645,0.9233579348664892,23,0,1
1504,28288,10.00711251876498,56,9329,10.545509735844181,1342,0.4018661321467123,7,1,1
34982,16275,11.925596866061843,86,4483,9.0787445098694,749,0.9570376130800351,20,1,0
35299,14419,4.0409273676769475,97,3061,6.674790325945767,1555,0.5797497610852401,1,2,1
29016,4310,2.9295205882292956,100,3326,11.825370825522324,478,0.6683899408085443,14,2,1
24960,7706,10.28258806300689,87,6937,9.140140096117467,221,0.588646400040395,24,0,1
34591,9505,1.026318369348749,45,7131,9.086155173450944,1145,0.2164425552700308,4,1,0
18312,16871,3.4972161803026176,34,9390,18.744864488249664,1041,0.4382390971071469,17,1,0
38797,12816,1.4069993248153523,9,9231,19.68222713415469,813,0.18923150104986153,21,0,0
47196,18916,3.336391649968193,88,3816,15.950039347658656,486,0.6606586397650436,14,0,1
3105,29648,3.538469918957073,8,3514,15.159485995913872,883,0.502186775680395,16,2,0
37395,29489,6.427430326505519,7,1548,13.643107419404117,469,0.8001864744138432,14,2,0
46740,8936,6.632579745611784,36,670,3.4048895614369226,262,0.29842343289943285,16,2,0
23700,29919,13.239674588543329,18,3004,1.276205835425525,1559,0.24810945258640144,24,0,0
35620,13484,8.141535974983553,3,2605,13.845453670753935,761,0.46569900786739105,20,0,0
38678,771,11.127666718572009,28,1017,14.602845822905861,1471,0.933926844896543,29,2,0
21559,20395,2.4579230108840244,70,7082,1.0347625228529818,1787,0.7393796335111705,28,2,0
28509,18655,4.156142576491714,44,7527,18.568229829554078,990,0.4770312623136268,8,1,1
28860,26338,10.841208173701474,21,6436,1.913698724949083,863,0.5655449527788795,24,1,0
12003,11116,1.7392554465593932,28,1778,5.789420622046927,1694,0.1757917100593885,3,2,1
22732,4861,7.812367271412544,54,715,13.480557274694217,245,0.9861183067385018,25,2,0
26826,7569,9.391165519281074,54,7186,3.480464628649079,1339,0.699766574225427,19,1,0
31354,17804,9.430039016734735,65,4849,1.2027761800006642,487,0.3568636616170803,1,2,1
14843,25074,1.3210593577525884,100,3605,6.68981513436658,688,0.6272275547937199,2,1,1
45472,3930,5.509512059208597,21,4629,15.342834339618062,1053,0.1985341294620946,15,1,0
49529,21319,9.910869114688156,99,1235,8.33220571180668,225,0.9692530019268252,22,1,1
7190,13176,3.0859963060894082,13,8666,13.094161145967991,864,0.25730648909502934,28,0,1
18640,11316,10.735819076592746,57,7326,11.634420034839918,144,0.6832272862496928,10,0,1
39413,20644,11.442952923391443,49,5262,0.5421477923090502,914,0.32090901628503743,18,2,0
43356,2550,14.747568666246034,54,306,19.771945742209564,1162,0.7458052443836821,22,1,0
45597,12192,3.937787927989732,10,4975,0.9244189675058162,419,0.7991392305162529,14,0,0
41821,1665,12.551829347325613,53,1419,19.359274479204853,1455,0.7060777560202893,17,2,0
4330,25451,8.284152076861156,44,1241,11.042297149451523,1327,0.6530495142296733,27,2,0
20087,2533,6.228476346018428,47,4727,19.266864638594825,1279,0.9032221845568105,13,2,1
42430,23351,2.713274602552491,53,7489,2.3835966283353254,1734,0.17076403989078226,1,2,0
25504,645,11.297078490825527,74,2790,9.859129531791712,1589,0.3978232892021757,5,2,0
8114,14769,4.30200638801162,46,7423,3.473131428134567,95,0.3234587316677614,26,1,0
14323,21272,6.199908026222641,13,3355,1.114400052746604,565,0.9892125658588794,13,2,1
35121,8332,1.875591176563158,37,8381,12.38882938974,1875,0.45045080170018614,27,1,0
11975,25507,12.219136821473267,24,5313,4.234890077137659,1408,0.7593514293163589,25,0,1
12023,25780,11.732239335603007,2,4208,11.795170663922162,1479,0.7162526474929041,14,2,0
22447,25057,11.270621620592374,86,3120,2.336053190784814,387,0.29087311372964,24,0,1
25933,14786,5.192209146886413,81,1957,6.706530781510784,1423,0.3150979121903962,3,1,1
24959,3132,3.4287210397234014,100,9096,15.654487905259616,1690,0.3531561071977307,15,1,0
1667,4994,9.925745702583217,14,9236,8.797325284659534,1084,0.4700145504334413,19,0,1
30703,15652,7.946329377585072,10,2889,12.592133756456992,251,0.31089255908547414,17,2,0
10337,24940,3.495534536664982,35,3975,12.984413020836364,1327,0.11768633447216303,30,2,0
47427,24395,10.602757794698093,25,7705,16.89072537534714,929,0.891453751126476,3,0,0
37487,9655,14.875770045498252,3,9902,6.565963608692161,1596,0.9690488482427957,16,0,0
20129,10926,11.461074228388528,17,8235,13.777181695392098,275,0.40741334832841114,14,0,1
41251,10733,11.359809413598565,12,6155,19.236154560218697,1153,0.40465619148292564,12,2,0
32921,2328,14.304378541028283,54,3982,14.631842353721572,721,0.10638263149693389,28,2,0
34307,27184,3.8411091460486304,24,7275,9.848422486683114,1950,0.7122256194973366,12,2,0
28355,12760,8.917699508900165,29,7229,12.65127714538939,1281,0.8428959061737659,29,0,0
38732,9630,14.715054010474368,43,5121,14.81968966548585,79,0.23194747032400287,11,2,0
5835,5305,3.3141175535824434,25,4835,12.28428773730806,1886,0.24369971443043567,17,1,1
21159,1306,10.803527432223294,100,2487,0.4318486884477991,66,0.811074924974294,8,0,0
39810,26539,9.201342043606628,60,6682,3.975992603975794,1415,0.6546616735187302,17,2,0
48605,24370,9.210707290641897,90,9233,16.228317522587773,48,0.14037450186494532,21,0,0
41080,28491,10.767388785281051,65,5966,5.525747881518444,810,0.6602922914160535,25,1,0
39088,8702,14.014636920259578,84,2666,14.658086179266563,1476,0.3780259505593895,23,1,0
14216,2368,11.956147157918732,28,1075,7.505192283309803,1051,0.43185263992376133,20,0,1
36547,15061,1.78590544782694,16,7312,10.485498130343068,1985,0.7927582764671922,11,0,0
32471,16012,12.938192278259958,47,9246,1.4526686664061337,741,0.8298416734053495,25,1,0
18308,24762,4.157578618960256,81,1362,3.7063886648892197,834,0.46032096415584756,25,0,0
28532,15399,6.276798306309208,92,5147,19.14821957403277,765,0.9524376424057193,2,1,0
35349,29943,7.46425939057335,58,9235,17.813747263593587,361,0.465816446156865,10,1,1
46445,22574,7.732684010542975,76,7482,13.080274706891098,1849,0.7946524317070989,10,2,0
6713,24711,7.092525589574995,27,6331,9.246927487976173,1331,0.5354895381078332,11,0,0
5804,16720,14.122946119022103,53,3427,13.547649728614953,292,0.9077790938698757,28,0,1
11136,16434,10.884266107296344,42,5730,12.410344752969385,1619,0.9169851192851608,6,2,0
1009,5929,9.83638904339389,59,2359,11.41418988653178,119,0.17867512708397548,4,1,0
20255,9576,1.6977883889611818,47,1357,1.2776237300844822,1026,0.9428439981792032,24,0,0
24793,4064,13.654786623645245,94,564,12.692771952163985,1213,0.8429813573683741,12,2,0
30548,1889,13.731462688117547,34,3394,15.40150888696625,1971,0.8121796428814002,11,2,1
38892,12093,11.922982888021433,37,6874,19.882224927446952,553,0.2808202057169702,23,0,0
2015,7774,1.0984088533906682,6,7531,0.32046319662676254,1779,0.8246072878791985,23,2,1
28712,29397,1.801923515086727,7,1330,14.630451720882464,1827,0.8651194612165332,27,1,0
35961,17708,4.153131831758857,96,9176,11.47860738712601,34,0.3602353010087359,26,2,1
9415,19149,2.838891714028694,96,3905,8.737638304011037,852,0.9570340705260914,25,1,0
47318,17820,6.583704415852212,25,6519,2.6386464739702804,800,0.14487413175924785,13,1,0
48280,27876,13.916722813229056,33,5850,8.240794457834037,747,0.2349183279224257,5,0,0
24833,11245,7.608846078757976,55,3956,7.152105941424091,66,0.5838230242463629,6,2,0
5158,23286,1.1876367700503185,58,3235,6.126314790676969,189,0.6182132240100787,1,1,0
21309,14699,4.958439654102668,7,7053,14.644504504111932,241,0.6806350749708131,6,1,1
7970,20729,1.6243287172214615,57,9216,14.044437873556848,1927,0.11527221638391982,18,2,1
7938,16376,1.5080267165890302,12,6134,11.82149981052014,352,0.9643300971599172,22,1,0
22168,18680,4.860077943337732,16,4689,18.77942978453811,486,0.14012928346072961,9,2,0
47540,8745,4.8585727415052355,80,1646,7.062102245199003,1832,0.22875575745106216,24,0,1
21384,7714,12.019772436422457,43,6165,4.9516585604325725,585,0.11261306577345129,25,1,0
19017,1226,14.647685138935566,100,1194,13.15247593065815,464,0.6101725899646853,29,1,1
11344,19620,6.196899314459976,77,2511,4.056399812654318,1265,0.939040195528875,15,2,0
41034,14332,7.004416304054541,7,2717,6.368709092950149,298,0.6993524494724178,26,2,0
9702,11862,12.8270521080043,100,9054,4.569588557490207,1246,0.8403917216323846,8,2,0
1384,18797,4.753946281337187,51,4245,1.4761559975981744,267,0.11195308311272208,19,2,0
1404,26672,3.1893452616482714,73,2875,16.5672249585499,539,0.5878137686317535,24,1,0
41943,10606,12.943254727651107,32,6728,5.165356804141057,696,0.5136066797549698,16,0,1
48926,8157,1.651008210160917,75,3255,9.51324731652611,938,0.5490711497987137,6,0,1
30189,19350,9.67579216279182,8,4070,0.9619739377608076,238,0.16499186680166916,29,0,0
13763,27813,8.867899864535294,97,8072,14.016855378427596,1259,0.7159918249623767,6,0,0
19384,25925,5.842886265023719,87,8875,6.678163945895187,605,0.552898373372771,22,2,0
33606,27185,5.412653295363025,89,5515,14.920260883801276,1836,0.7886339648751376,3,1,1
10860,24196,11.806008166542698,72,4431,8.306820903310534,444,0.5367615706555439,10,1,0
39757,15051,2.209944550675651,45,2042,3.99553656747193,891,0.2344434726037889,1,1,0
16106,25078,4.314980330359395,86,6126,10.312184137412514,1030,0.6834312586700398,28,2,0
24574,29331,11.254282245733258,59,8401,2.6970407367850515,1791,0.2551477258946496,14,1,0
24524,8406,8.67648817216994,4,291,8.866729281472594,411,0.8851551070193334,4,2,1
4636,29145,2.7918349194702095,67,9195,6.414379000667681,631,0.6518046151623174,26,1,0
11916,21760,13.349898599948842,29,961,18.2479957255727,1799,0.24148349520125884,12,0,0
5809,7787,6.508269851890281,29,6811,1.312481562242327,97,0.9661042517330861,6,2,0
33201,1392,12.59015725451042,98,9375,13.910946540704265,593,0.5665289170017885,11,1,0
14456,10722,12.02798221738792,98,749,3.736748203149974,1926,0.1656086066844895,12,0,0
49212,28236,9.741956250604193,28,4234,6.448996979211572,1575,0.6641496139735605,10,0,0
39765,27452,7.9227358381313016,77,7687,8.368729854935111,1717,0.3278790163115292,18,0,0
35816,5175,14.713711765344597,79,8928,18.169500278561987,318,0.8233241066895722,7,2,0
46106,2433,3.0295110133174386,87,1136,4.92730749486912,915,0.8360398662095716,7,2,0
18100,18264,11.152180185715608,44,4231,1.9170451706389373,352,0.9810526202691957,11,1,0
22949,12373,3.676669820507046,90,2248,6.441923119411419,445,0.5516825779220533,4,0,1
5544,18174,5.735683474652877,4,5557,2.1830518136571135,186,0.5094611917549634,20,1,0
38744,18524,5.321782407224734,90,6179,2.659070070614995,148,0.7781280449018325,1,1,0
46543,13739,14.258503828342121,9,2530,11.519626899703029,203,0.2192235907077339,13,0,0
43783,24374,14.542986489035853,5,1979,1.3119484686799172,1219,0.5922239624138118,18,1,0
27657,11374,3.56221621928618,56,7642,0.7155245397319641,1251,0.5916228401177659,9,2,0
37187,26063,1.3084922441650586,96,2111,14.316840619262905,1197,0.18052581052934852,26,1,1
48198,18102,11.080112555283584,84,3473,7.296777187336785,1194,0.47618567695622227,24,0,0
8239,5516,6.85185907418678,50,7457,2.5949694497540783,952,0.8679563187104817,24,2,0
15489,23765,2.2437634312259016,75,1389,5.146894140108193,534,0.8705382597951943,9,2,1
44125,26431,10.572557478078595,15,1547,12.87752149631274,1841,0.1893138984277129,23,1,0
29538,29341,8.631477395649796,32,3299,5.583177686102937,1634,0.18164879447304777,29,1,1
33049,29692,14.727235508015484,28,6481,9.940970389896117,1869,0.33642592930174176,9,2,0
38131,14274,4.183732942059305,22,7622,2.5217366038607785,1075,0.8872894562985941,10,1,1
43944,29211,6.655690268571675,17,6159,11.803063388348393,924,0.21601232656614905,28,0,1
9427,10252,8.595641247535921,59,3283,6.3899459084809545,219,0.7479971223647016,2,1,1
42348,26494,12.083799838346923,90,5562,12.576671847121458,750,0.19104905765179292,6,1,1
25285,17838,8.683741194080822,71,3316,16.187058157850057,871,0.6608240683730429,15,2,1
38626,16085,9.580602252067289,57,3236,12.271763745860849,1308,0.4204605692072303,3,1,1
43808,26059,4.16605872225917,26,3418,5.98537649564091,963,0.8100225666692803,11,1,0
23928,7791,12.856862193239838,25,2882,5.189299660811177,1312,0.31032140394282726,6,1,0
20198,1474,7.000827657586661,10,9282,6.615677078795614,1284,0.6752816464509639,3,0,0
20758,4633,2.97343478530477,45,7757,3.375948213406446,1343,0.3121142811182965,24,1,1
16254,15163,10.298630803075843,83,5020,3.7053198319153995,1753,0.7422942548009384,11,0,1
45238,22254,4.025266344594305,11,6424,15.834752927813339,842,0.8863102311046739,15,0,1
2252,4472,2.3658751433501966,77,6427,7.756178272498154,149,0.21412161921408404,13,0,1
40764,5795,13.067816717659811,53,8517,8.776304093354657,801,0.8799361197359532,20,0,0
13173,14413,7.4422717028381555,72,876,11.921584364779541,555,0.6342177289728681,28,2,0
38441,9605,11.48997197774087,68,5308,11.834104553515797,1854,0.21439944178032158,10,0,0
27698,29625,5.0682258372889715,95,787,1.440799743286322,1026,0.4847876698237408,6,1,0
16781,8728,12.017581888847328,28,629,16.647661648119545,1937,0.24477426413658812,15,0,0
14051,28463,2.5671029783014245,75,5167,3.6287984091563943,1563,0.7303130999799126,25,1,1
40649,10403,5.9836272331279385,65,8180,14.489125557388409,66,0.7829813209761547,18,0,1
7949,3520,14.6928654516294,49,5618,15.476152663750513,121,0.19521686824551907,18,2,0
43289,9487,12.115856029152084,47,2253,14.326500728417141,14,0.55552586742518,7,0,0
9017,20920,7.961583024405634,52,9586,11.621655166427487,1443,0.8331625504233254,15,0,0
7941,21952,5.756884601866391,88,6194,0.3907190424667689,1447,0.9425467373958969,18,2,0
26934,13380,13.209899800314671,54,7074,7.271472298027096,1215,0.562166080067593,18,0,0
24386,5733,8.627868627183219,60,9818,12.136304644315365,1046,0.9552513012502664,20,1,0
11209,28187,11.617950250167555,57,4874,7.810280788858519,1372,0.5821200734104268,9,0,0
18715,10016,11.557507524426297,47,7792,17.28324990876498,1830,0.4547714451399172,24,0,0
29920,15059,1.2512394999588856,31,3203,6.2451652794573445,1292,0.8633828156976059,2,0,1
32703,17201,2.767552959096588,46,2540,5.941342369927342,99,0.5436844394122802,8,2,0
43318,2896,10.234811129526392,26,4235,5.393354092543893,625,0.5247122595080708,20,0,0
5637,19046,3.2626773580022004,5,7224,6.7223392923198295,900,0.5412812404688455,2,0,0
5854,19629,4.576906825178465,84,5301,11.192358789852324,707,0.8621065016827708,11,1,0
44088,2091,14.2529313587945,52,944,14.169604356024555,1283,0.8487473875192469,26,0,0
38660,11803,8.842551617248766,75,546,13.285101563001822,1288,0.46316799319619006,7,0,1
40811,6683,11.51021309799086,54,4015,16.173584617631445,1621,0.3999698738834725,6,0,0
20856,20814,8.811730342956958,33,3209,17.729688510398756,907,0.5427352216352164,30,0,0
22833,27072,8.735190606958152,50,1334,16.33997294263269,980,0.6154952587633982,10,1,0
20963,1812,2.3181267417597704,38,6687,0.47701352714965606,1141,0.31450348956519725,5,1,0
37932,26361,5.8112846965274425,27,326,14.744767275684575,677,0.8145595762440315,11,2,0
28169,21195,4.954032581611164,98,4243,4.2471515150047985,603,0.5378344891591806,1,0,0
8941,7814,6.470197118590585,15,7285,2.7452680498888546,598,0.4006409935779637,2,2,1
15388,19267,12.176818635140595,96,5658,12.805926817502796,494,0.19613889366759157,24,2,1
6569,20123,6.2070573508361075,61,286,6.462889588613128,991,0.3149606443632462,1,0,1
5300,2639,7.323755469243558,21,2635,1.2366315510718209,981,0.9543530545803853,19,1,0
40037,15188,6.563339466794432,46,2032,2.838831714527391,1291,0.3745897181375739,2,1,0
37586,18588,2.3077116076541384,69,9140,0.11849539571222517,648,0.2519733604303318,21,0,1
13015,7424,7.175010215510972,6,2132,18.074150184159674,1006,0.5146055124894939,20,0,0
46002,862,3.73852982262321,38,1352,0.5898978784406479,1936,0.37637896902422385,29,1,0
7254,19488,3.614126140822581,62,5609,4.268169813239269,291,0.13164332524407474,23,0,0
18144,26792,2.316505462079729,86,5174,8.383629335689355,995,0.39083069555147554,21,0,0
25214,13981,5.993393637984706,62,1981,7.195769386421299,1121,0.5896977615455218,24,0,0
41118,29527,11.604746387051843,82,369,18.243344950564236,1237,0.5965411348179702,4,1,0
16183,21170,4.870183668167545,78,1730,0.901750020117388,25,0.42090302905919985,12,2,0
7238,4238,5.37288742639719,74,4505,10.293072682773325,1184,0.5025724806273406,22,2,1
7090,2969,9.99744520741393,46,6239,13.64154130423504,945,0.9689661264112898,20,0,0
12637,21679,3.7417713762168643,13,1674,18.64078967625526,263,0.43961362950728045,18,1,0
23415,23034,13.55741102592948,95,1795,12.445387917262048,1221,0.33240413193398466,1,0,0
25071,16606,8.282667325521762,94,3358,16.094729196634077,338,0.31912033966008413,30,1,0
46415,17440,7.266441164483037,3,3362,1.7661262631224333,553,0.5119881514337208,30,0,0
43679,9517,8.80948268700882,94,1545,7.780196267644853,792,0.7835681338452497,1,1,1
42240,3308,3.3244803878267364,6,6363,7.541547976133442,1006,0.2853893657696259,24,1,0
19271,16870,9.588623940948468,93,8511,17.737135507468782,1430,0.7383665144266912,14,2,1
37034,22034,6.083410312876146,8,152,3.1122863081391707,1550,0.11903484101447466,4,0,0
34434,15370,13.560608773504665,44,5670,3.1225348294989423,1492,0.47703968018555143,5,2,0
5188,13213,3.363958893487606,33,7679,6.638307182727388,1363,0.7982785586825082,11,2,1
11161,8061,8.098715454116174,81,1766,1.1838743426000677,1853,0.40485966019698827,24,1,0
29732,3219,9.373576811166252,75,7001,3.7309150089845518,854,0.6073633913008595,28,0,0
12314,23390,1.4673704250093371,77,2885,19.307671807060128,1202,0.28448130954331974,23,1,0
24954,12200,6.091703746585964,50,819,8.620860403356739,1726,0.767795852013555,13,1,0
22508,4241,11.256893285811659,11,8697,12.677182247606483,375,0.14705119294188368,16,1,0
22969,10266,12.485285104285627,95,6955,14.549614060958273,1211,0.8672883803879503,24,0,0
46659,4498,5.384267927441953,28,2394,7.402531999443289,664,0.27837674777950133,13,0,0
38545,27205,12.180305813358517,70,8363,3.0298187807692876,1395,0.8869582285374976,24,1,0
37668,19287,14.548582279447444,41,9521,4.210962222813437,769,0.41727631717046565,22,0,1
24061,28405,12.996235105051317,16,9859,6.334002883954145,648,0.750415217027038,26,1,1
14716,16577,2.6470158342305528,68,4582,12.75776156500929,1808,0.3873027680075697,2,0,1
40749,25664,11.356224649197568,99,798,8.025782926872182,1073,0.9153205041111828,16,0,0
40144,27088,5.475335654167626,48,7343,0.23561248821254957,933,0.21397341296653694,6,2,1
17907,26623,14.837823851769071,56,9118,10.51580298284269,425,0.2606678103453388,14,1,0
19777,794,7.79502576423842,64,6018,18.438116498957616,1388,0.5437271126429221,1,2,1
28693,10677,2.7140745770251744,59,448,16.260344459072712,264,0.17374459513433152,17,2,0
43928,22227,11.152597672383472,90,5474,16.521706288066657,1176,0.27638216623158574,11,1,0
27329,28193,5.522156777406994,62,7969,15.921654550362009,1785,0.9493897439908129,19,1,1
47892,10382,14.959094199143264,76,407,6.54224342964743,1773,0.9788406950330985,3,0,0
17282,1636,14.716954409963307,11,3516,15.3273572917124,1886,0.43863339639737975,11,1,0
24624,2564,10.18587625228813,89,4920,2.9489110204427402,719,0.930957418912542,29,2,1
24321,29531,2.817570285324046,18,3658,13.188551330791473,586,0.5903422081060886,5,2,1
11488,7509,10.616053967450407,19,4578,12.867214477031387,909,0.34276821928639034,17,1,1
23574,13487,2.302426810440381,87,6631,0.6088390018857198,20,0.7321588489725388,26,2,0
6240,5043,1.4110982274334924,55,4720,15.780605658459537,1653,0.6930116259173714,22,0,0
44221,29846,12.521418247100804,82,3085,18.0746372913931,35,0.99021278719786,7,2,0
11478,1507,3.936541267571539,26,8212,5.421564041594942,966,0.338542558668355,10,0,0
46162,5945,6.306379767067364,6,8567,16.2665754113044,430,0.7048535523955619,28,2,0
20262,11206,14.628403459666425,4,2647,1.7398788400527692,1696,0.1468213795265022,29,0,0
5432,15249,5.715767026055445,29,436,12.039360379395212,1254,0.20228143482704747,11,0,0
30721,12218,5.150856937966414,59,3079,9.764372620152114,1886,0.10352653745598395,3,1,0
14568,29757,13.854911994718853,98,4068,10.963878312849099,505,0.9995146129537058,20,0,1
15178,22236,2.5504782344654133,17,1010,18.53148351749847,1270,0.82204632743273,10,1,1
23195,9939,11.634153741604845,43,2096,17.439173420212384,246,0.8080507132601867,27,2,1
1302,13781,14.832917933138836,80,3229,15.723164779071164,1018,0.5587534677593617,10,2,1
18022,28978,13.618144150845083,66,5547,5.546599307799582,228,0.37006037461489594,14,2,0
1055,1935,10.123350861889962,34,6229,18.245190710853223,1520,0.23613785601640835,12,0,1
46781,1071,5.396851129898248,8,5950,2.0404030800311173,1969,0.3562072649618173,15,2,0
9717,2882,4.560507736496434,13,4304,17.081251409519876,470,0.4383740997362252,10,2,1
29699,26321,12.469571468200456,8,7546,6.630385439836794,672,0.7806790872822646,30,1,1
9150,27160,13.317506795323734,94,8619,1.1700690020734692,644,0.5856956100128372,10,1,1
3125,5584,8.3560887756397,96,414,13.42020398639089,1177,0.16973526389993443,26,2,0
45247,17161,4.420759171010526,100,1234,4.7024705734875125,999,0.11622610806302103,19,2,0
49513,14007,2.5812049177564296,94,4976,4.947065404706175,198,0.19209896158065684,1,0,0
17748,7559,2.2205125496456364,65,8202,6.190338607952552,264,0.4694488423276414,24,0,0
40577,18771,11.067084262953978,43,9812,1.3673268733000827,77,0.9398736253441164,29,2,0
5621,13271,6.88166218986815,39,8447,3.6248301695452554,625,0.6736622330882994,26,1,0
16034,18149,13.675038239890185,81,5692,0.20227858895265,345,0.8216433098879636,10,2,0
47391,7991,11.355398210174691,59,1824,8.963649470005157,680,0.5197371350540937,2,0,0
6126,29902,3.677645850804214,84,3443,1.7766820106176286,830,0.4254994748755385,17,1,1
6122,15027,9.592883863419786,88,986,13.684786840379559,883,0.19756033544496046,30,1,0
19030,17924,7.097076361574231,86,821,4.788894738713802,1442,0.8883397199675844,24,0,0
18302,15359,9.081496230760584,93,7778,18.877125466300026,309,0.8048440261251125,7,2,1
20181,25993,11.33296772673924,86,9204,17.437907385233185,1941,0.2513062878379526,7,2,0
39638,8573,12.286742334053072,44,3457,5.859873809867343,1635,0.5610345074886345,20,2,1
2531,9577,12.812322569694139,9,970,15.685987547667905,366,0.5386373271291204,27,0,0
41940,19636,4.555648244008346,37,6851,16.084573602829643,265,0.6625823974178757,9,1,0
41441,25097,1.4356183988430076,74,597,19.73260597087677,1017,0.9515682045921351,22,0,0
24333,21453,11.350126292306825,36,1856,11.997015738229129,362,0.6217942975862316,2,2,0
40650,11883,2.4888121675808446,92,1217,1.7311181194088776,1765,0.5861955401007567,14,0,0
35674,16878,5.408874240581547,28,2928,12.97206085563498,1554,0.14529063964119757,17,1,0
36854,23237,1.05343987774086,42,1747,12.5370969926831,533,0.15661672841622154,1,0,0
47271,2853,10.54337275362268,43,7092,12.80317649066659,1870,0.26861211219411,9,2,0
9152,24321,3.3398481605970973,85,6871,6.212198397273808,959,0.12922369452257346,20,1,0
39518,5299,10.173953735683215,88,242,17.207623743098626,765,0.7690176060130112,21,0,0
46540,17570,14.884396640349744,42,2861,19.193496440812698,1727,0.7509972735945668,19,0,0
11267,25360,2.017392202540228,66,3535,4.432479008265215,293,0.22245061098847865,4,1,0
26289,21695,2.0790921673204497,55,6722,1.8542279469192247,1345,0.8524710107157528,28,1,0
2062,12439,5.765321297333449,72,7169,3.971247160052833,108,0.2393074313615008,8,2,0
30926,25838,13.129411199518788,48,4612,16.428987571188806,206,0.3710580282976229,13,1,0
7229,22230,4.017418163078646,91,1948,13.565228232914963,491,0.3240792092452285,4,2,1
48915,21927,6.045289479024866,22,2796,12.757342112548619,887,0.43507638871574306,9,0,0
5632,2928,1.959075692777714,27,1817,8.095683388677546,1259,0.3291973893009657,9,2,1
40056,27583,11.684174077624451,93,3172,11.59877663307757,1878,0.5400558337946069,22,0,1
4596,22010,6.716288798632315,67,9359,6.226695092959911,624,0.46666709321921684,18,1,0
45243,25104,11.6294822628518,13,2886,9.596281580417429,627,0.9879125417013939,12,0,0
7168,25982,13.650509820855131,45,3891,15.88195426457605,1398,0.1503337151154031,10,1,1
43563,11796,4.258684059418043,10,9580,19.626707789363696,377,0.22796323874861646,11,0,1
8561,8313,12.303544424759318,100,3971,18.656529579437056,579,0.14754330451774225,7,0,0
9258,14914,1.8273144610955459,9,1906,18.68393226264035,599,0.6632570754841381,9,0,1
17616,29075,13.583863434523463,54,1604,8.104252323457535,1108,0.14905834967234763,6,0,1
27734,28070,10.110759665822464,27,3408,9.428918622085138,1075,0.852795763638511,19,2,0
7371,27582,13.239174137936923,34,7217,14.14214438774273,431,0.560744767613735,16,0,1
27069,29741,1.0026375937921466,1,5148,18.451619368220555,845,0.5743068621233803,30,2,0
15369,12301,3.3671349849838954,32,8363,2.9256857611064846,1214,0.6054350569409748,15,1,0
13910,12245,6.456631423970889,89,1790,6.154413090161195,554,0.25373233567558967,7,1,1
8943,26529,6.31304064724606,93,9636,2.8710122074227793,80,0.2779212728030388,16,2,1
13199,13525,4.1742253609291495,71,3403,12.278969746193159,1601,0.38693559058570426,5,1,0
16728,3856,6.342567158140802,67,3213,6.195389838061996,1138,0.6341467742396663,16,1,0
24275,25591,2.8038819680035676,84,9174,6.5895462650002115,1233,0.2891059983461931,1,0,0
7738,14788,6.7786558097243645,20,7950,1.5112275938107869,1134,0.20469855441993512,19,0,1
16913,24150,12.232960608229698,94,6516,7.0609416299710785,777,0.973105197776589,5,0,0
36240,7040,7.706980883446917,35,1604,17.26368049729155,316,0.11978363332866063,7,2,1
20123,16922,1.2520012452330098,99,9024,4.738148956627615,1619,0.8224276648024195,19,2,1
49447,3842,6.900216582109464,91,4024,13.934230577580305,1716,0.8092316346175199,22,1,0
35529,9578,1.3804502252718183,90,8715,12.629604064277993,386,0.3674927024605864,5,0,0
11167,3344,14.527407749895175,78,9883,17.283343706545395,664,0.22206395440658205,29,2,0
11554,10896,2.7843554319201655,17,4585,2.7325301582556607,687,0.2310657820348811,17,2,0
18260,17982,10.907636568628662,18,8200,19.55404021086636,408,0.7276884555134733,26,0,0
48045,23911,14.618868520489201,45,8784,11.694310056203273,1806,0.6785259319775563,22,2,0
4812,18707,12.564546723332006,93,291,19.909935631701607,230,0.8044711068262481,30,0,0
29024,28277,10.790415251766852,84,8790,18.23914304473043,1628,0.9437330551591941,8,1,0
28285,14498,12.752452733010736,53,5017,4.508193715050805,191,0.7227346269399327,29,1,0
27900,13761,14.745181705648786,91,5931,1.2176239970759308,316,0.24026638289629912,29,1,0
2605,20039,9.698822961549414,82,9548,5.187217966527694,531,0.31909835508886963,1,0,0
6622,3593,8.828587295610571,68,4422,10.598516615088455,1429,0.8579743577858031,2,2,0
7767,12222,9.795333546485939,65,7099,3.5147677045972805,1023,0.28837546825078775,30,1,0
28139,22542,8.45746241466177,1,9108,3.432448915907971,13,0.16527008525903328,15,1,0
12613,20662,9.891247482736063,58,7382,9.305611587392546,872,0.7329520486380254,20,1,0
11589,19780,7.297790911615829,26,9765,0.7620326262702326,1947,0.46227371994112787,28,2,1
14918,12145,4.058204560366299,20,9378,2.525572842392182,857,0.9280360472913133,18,2,0
21119,15583,2.683461171163459,87,1974,8.375640654218156,813,0.6852295639842954,11,0,0
